bin_lo,bin_hi,count,mean_pred,obs_freq,seed,variant,split
0.0,0.1,614,0.05726988502032421,0.026058631921824105,42,raw,VAL-SELECT
0.1,0.2,426,0.1414172661724725,0.08215962441314555,42,raw,VAL-SELECT
0.2,0.30000000000000004,188,0.2510991002175394,0.2127659574468085,42,raw,VAL-SELECT
0.30000000000000004,0.4,145,0.3460646932559661,0.2482758620689655,42,raw,VAL-SELECT
0.4,0.5,76,0.44421069299943927,0.35526315789473684,42,raw,VAL-SELECT
0.5,0.6000000000000001,78,0.5522308399472305,0.48717948717948717,42,raw,VAL-SELECT
0.6000000000000001,0.7000000000000001,88,0.6512341102477905,0.6818181818181818,42,raw,VAL-SELECT
0.7000000000000001,0.8,107,0.748415870260565,0.7570093457943925,42,raw,VAL-SELECT
0.8,0.9,162,0.8545792552751517,0.8641975308641975,42,raw,VAL-SELECT
0.9,1.0,195,0.9456595104012718,0.9282051282051282,42,raw,VAL-SELECT
0.0,0.1,965,0.06398943695319816,0.04559585492227979,42,platt,VAL-SELECT
0.1,0.2,282,0.1426731290528502,0.1950354609929078,42,platt,VAL-SELECT
0.2,0.30000000000000004,127,0.24345667984227243,0.2204724409448819,42,platt,VAL-SELECT
0.30000000000000004,0.4,67,0.34762852338435984,0.373134328358209,42,platt,VAL-SELECT
0.4,0.5,45,0.46205473968490274,0.4888888888888889,42,platt,VAL-SELECT
0.5,0.6000000000000001,52,0.5513867426972449,0.5192307692307693,42,platt,VAL-SELECT
0.6000000000000001,0.7000000000000001,70,0.6507539852858352,0.6714285714285714,42,platt,VAL-SELECT
0.7000000000000001,0.8,95,0.7512554668155426,0.7157894736842105,42,platt,VAL-SELECT
0.8,0.9,231,0.8611216344844637,0.8787878787878788,42,platt,VAL-SELECT
0.9,1.0,145,0.9169431987302212,0.9310344827586207,42,platt,VAL-SELECT
0.0,0.1,771,0.03936068798708982,0.028534370946822308,42,isotonic,VAL-SELECT
0.1,0.2,473,0.12832149879537602,0.15856236786469344,42,isotonic,VAL-SELECT
0.2,0.30000000000000004,81,0.2933853516145226,0.20987654320987653,42,isotonic,VAL-SELECT
0.30000000000000004,0.4,99,0.3464431767063347,0.31313131313131315,42,isotonic,VAL-SELECT
0.4,0.5,88,0.46741504340672113,0.45454545454545453,42,isotonic,VAL-SELECT
0.5,0.6000000000000001,0,,,42,isotonic,VAL-SELECT
0.6000000000000001,0.7000000000000001,153,0.66359966153652,0.6666666666666666,42,isotonic,VAL-SELECT
0.7000000000000001,0.8,144,0.7437730045374329,0.8333333333333334,42,isotonic,VAL-SELECT
0.8,0.9,82,0.8647644514764653,0.8780487804878049,42,isotonic,VAL-SELECT
0.9,1.0,188,0.9627324736402413,0.9308510638297872,42,isotonic,VAL-SELECT
0.0,0.1,111,0.05088524314880283,0.0,42,raw,TEST:10pct
0.1,0.2,63,0.15123468092883235,0.047619047619047616,42,raw,TEST:10pct
0.2,0.30000000000000004,37,0.24773933171478152,0.08108108108108109,42,raw,TEST:10pct
0.30000000000000004,0.4,40,0.3480782684243155,0.3,42,raw,TEST:10pct
0.4,0.5,19,0.4420413853080309,0.2631578947368421,42,raw,TEST:10pct
0.5,0.6000000000000001,15,0.5573964618254708,0.6,42,raw,TEST:10pct
0.6000000000000001,0.7000000000000001,14,0.6592497991472668,0.5714285714285714,42,raw,TEST:10pct
0.7000000000000001,0.8,29,0.7468010698319345,0.6896551724137931,42,raw,TEST:10pct
0.8,0.9,37,0.8545451757298452,0.918918918918919,42,raw,TEST:10pct
0.9,1.0,51,0.9445791346661013,0.9215686274509803,42,raw,TEST:10pct
0.0,0.1,159,0.062382208737083764,0.012578616352201259,42,platt,TEST:10pct
0.1,0.2,58,0.1423771934863536,0.08620689655172414,42,platt,TEST:10pct
0.2,0.30000000000000004,34,0.2467672627371531,0.3235294117647059,42,platt,TEST:10pct
0.30000000000000004,0.4,16,0.33983463993586477,0.3125,42,platt,TEST:10pct
0.4,0.5,9,0.44840412020892806,0.4444444444444444,42,platt,TEST:10pct
0.5,0.6000000000000001,10,0.5541809189969721,0.5,42,platt,TEST:10pct
0.6000000000000001,0.7000000000000001,12,0.6588424148697302,0.5833333333333334,42,platt,TEST:10pct
0.7000000000000001,0.8,26,0.7527094570939974,0.7307692307692307,42,platt,TEST:10pct
0.8,0.9,52,0.8614001491941425,0.8653846153846154,42,platt,TEST:10pct
0.9,1.0,40,0.915478528488318,0.95,42,platt,TEST:10pct
0.0,0.1,125,0.03381813849088982,0.0,42,isotonic,TEST:10pct
0.1,0.2,90,0.12843967140279014,0.06666666666666667,42,isotonic,TEST:10pct
0.2,0.30000000000000004,22,0.2920434979561646,0.3181818181818182,42,isotonic,TEST:10pct
0.30000000000000004,0.4,27,0.3449092817513871,0.3333333333333333,42,isotonic,TEST:10pct
0.4,0.5,19,0.46190392038042233,0.5263157894736842,42,isotonic,TEST:10pct
0.5,0.6000000000000001,0,,,42,isotonic,TEST:10pct
0.6000000000000001,0.7000000000000001,30,0.6669528455284554,0.7,42,isotonic,TEST:10pct
0.7000000000000001,0.8,35,0.7454145199063232,0.7428571428571429,42,isotonic,TEST:10pct
0.8,0.9,18,0.8651629833035615,0.8888888888888888,42,isotonic,TEST:10pct
0.9,1.0,50,0.9613877199669999,0.92,42,isotonic,TEST:10pct
0.0,0.1,216,0.05305858511870437,0.009259259259259259,42,raw,TEST:block7d
0.1,0.2,170,0.14943679390048856,0.08823529411764706,42,raw,TEST:block7d
0.2,0.30000000000000004,110,0.24568579633251786,0.15454545454545454,42,raw,TEST:block7d
0.30000000000000004,0.4,48,0.34176351493932094,0.3125,42,raw,TEST:block7d
0.4,0.5,47,0.45089927127674956,0.46808510638297873,42,raw,TEST:block7d
0.5,0.6000000000000001,35,0.5514812277557267,0.6,42,raw,TEST:block7d
0.6000000000000001,0.7000000000000001,31,0.6566955973950526,0.6774193548387096,42,raw,TEST:block7d
0.7000000000000001,0.8,43,0.7612653267890095,0.7674418604651163,42,raw,TEST:block7d
0.8,0.9,75,0.8477605678528009,0.9066666666666666,42,raw,TEST:block7d
0.9,1.0,65,0.9427453855128282,0.9230769230769231,42,raw,TEST:block7d
0.0,0.1,341,0.06395135729502993,0.03812316715542522,42,platt,TEST:block7d
0.1,0.2,166,0.13998253983169925,0.13855421686746988,42,platt,TEST:block7d
0.2,0.30000000000000004,38,0.24480528677016253,0.34210526315789475,42,platt,TEST:block7d
0.30000000000000004,0.4,33,0.3467865693935693,0.48484848484848486,42,platt,TEST:block7d
0.4,0.5,29,0.44393516287479284,0.4827586206896552,42,platt,TEST:block7d
0.5,0.6000000000000001,21,0.5424564314372323,0.7142857142857143,42,platt,TEST:block7d
0.6000000000000001,0.7000000000000001,26,0.6541812478682343,0.6538461538461539,42,platt,TEST:block7d
0.7000000000000001,0.8,34,0.760442663212876,0.7058823529411765,42,platt,TEST:block7d
0.8,0.9,103,0.8538275120500974,0.9223300970873787,42,platt,TEST:block7d
0.9,1.0,49,0.9148500761050675,0.8979591836734694,42,platt,TEST:block7d
0.0,0.1,262,0.03757367284286275,0.022900763358778626,42,isotonic,TEST:block7d
0.1,0.2,242,0.12774658129877084,0.12396694214876033,42,isotonic,TEST:block7d
0.2,0.30000000000000004,27,0.29316088575347826,0.3333333333333333,42,isotonic,TEST:block7d
0.30000000000000004,0.4,37,0.35144162381004485,0.3783783783783784,42,isotonic,TEST:block7d
0.4,0.5,53,0.4647997781126533,0.5660377358490566,42,isotonic,TEST:block7d
0.5,0.6000000000000001,0,,,42,isotonic,TEST:block7d
0.6000000000000001,0.7000000000000001,44,0.6642572062084258,0.6590909090909091,42,isotonic,TEST:block7d
0.7000000000000001,0.8,84,0.7443254352489443,0.8333333333333334,42,isotonic,TEST:block7d
0.8,0.9,29,0.8656725085242039,1.0,42,isotonic,TEST:block7d
0.9,1.0,62,0.9586313492759413,0.9193548387096774,42,isotonic,TEST:block7d
0.0,0.1,175,0.05927854319697027,0.022857142857142857,42,raw,TEST:block30d
0.1,0.2,173,0.14553154874991187,0.08092485549132948,42,raw,TEST:block30d
0.2,0.30000000000000004,99,0.24589456696761403,0.08080808080808081,42,raw,TEST:block30d
0.30000000000000004,0.4,73,0.34536628569419986,0.1506849315068493,42,raw,TEST:block30d
0.4,0.5,40,0.44658842936586546,0.3,42,raw,TEST:block30d
0.5,0.6000000000000001,29,0.5530931624808899,0.4827586206896552,42,raw,TEST:block30d
0.6000000000000001,0.7000000000000001,55,0.6547821413814174,0.7090909090909091,42,raw,TEST:block30d
0.7000000000000001,0.8,49,0.7595989657243815,0.7346938775510204,42,raw,TEST:block30d
0.8,0.9,62,0.8544577592511204,0.8870967741935484,42,raw,TEST:block30d
0.9,1.0,85,0.9460031748530439,0.9529411764705882,42,raw,TEST:block30d
0.0,0.1,307,0.0662951290516472,0.03908794788273615,42,platt,TEST:block30d
0.1,0.2,150,0.13957149298599808,0.09333333333333334,42,platt,TEST:block30d
0.2,0.30000000000000004,64,0.24373944509926462,0.171875,42,platt,TEST:block30d
0.30000000000000004,0.4,29,0.3413277159026031,0.3793103448275862,42,platt,TEST:block30d
0.4,0.5,23,0.44420765490928205,0.2608695652173913,42,platt,TEST:block30d
0.5,0.6000000000000001,23,0.5559958073949487,0.6521739130434783,42,platt,TEST:block30d
0.6000000000000001,0.7000000000000001,41,0.6540151385422361,0.6829268292682927,42,platt,TEST:block30d
0.7000000000000001,0.8,44,0.7556234367721928,0.7727272727272727,42,platt,TEST:block30d
0.8,0.9,91,0.8576786305425318,0.8571428571428571,42,platt,TEST:block30d
0.9,1.0,68,0.9157799862050708,0.9558823529411765,42,platt,TEST:block30d
0.0,0.1,231,0.04147567436288321,0.021645021645021644,42,isotonic,TEST:block30d
0.1,0.2,225,0.12811785042356583,0.09333333333333334,42,isotonic,TEST:block30d
0.2,0.30000000000000004,40,0.29338624338624336,0.1,42,isotonic,TEST:block30d
0.30000000000000004,0.4,49,0.34555482111873087,0.32653061224489793,42,isotonic,TEST:block30d
0.4,0.5,39,0.46632478632478636,0.38461538461538464,42,isotonic,TEST:block30d
0.5,0.6000000000000001,0,,,42,isotonic,TEST:block30d
0.6000000000000001,0.7000000000000001,73,0.6647403942532575,0.7123287671232876,42,isotonic,TEST:block30d
0.7000000000000001,0.8,70,0.7425480093676816,0.7428571428571429,42,isotonic,TEST:block30d
0.8,0.9,31,0.8647081654041558,0.967741935483871,42,isotonic,TEST:block30d
0.9,1.0,82,0.9648682344778516,0.9634146341463414,42,isotonic,TEST:block30d
0.0,0.1,0,,,42,raw,TEST:netblock30d
0.1,0.2,592,0.17902008125810512,0.19594594594594594,42,raw,TEST:netblock30d
0.2,0.30000000000000004,248,0.23198920412606866,0.3951612903225806,42,raw,TEST:netblock30d
0.30000000000000004,0.4,0,,,42,raw,TEST:netblock30d
0.4,0.5,0,,,42,raw,TEST:netblock30d
0.5,0.6000000000000001,0,,,42,raw,TEST:netblock30d
0.6000000000000001,0.7000000000000001,0,,,42,raw,TEST:netblock30d
0.7000000000000001,0.8,0,,,42,raw,TEST:netblock30d
0.8,0.9,0,,,42,raw,TEST:netblock30d
0.9,1.0,0,,,42,raw,TEST:netblock30d
0.0,0.1,92,0.09096246014485229,0.14130434782608695,42,platt,TEST:netblock30d
0.1,0.2,748,0.11638178085783644,0.26871657754010697,42,platt,TEST:netblock30d
0.2,0.30000000000000004,0,,,42,platt,TEST:netblock30d
0.30000000000000004,0.4,0,,,42,platt,TEST:netblock30d
0.4,0.5,0,,,42,platt,TEST:netblock30d
0.5,0.6000000000000001,0,,,42,platt,TEST:netblock30d
0.6000000000000001,0.7000000000000001,0,,,42,platt,TEST:netblock30d
0.7000000000000001,0.8,0,,,42,platt,TEST:netblock30d
0.8,0.9,0,,,42,platt,TEST:netblock30d
0.9,1.0,0,,,42,platt,TEST:netblock30d
0.0,0.1,0,,,42,isotonic,TEST:netblock30d
0.1,0.2,840,0.11375585855653052,0.25476190476190474,42,isotonic,TEST:netblock30d
0.2,0.30000000000000004,0,,,42,isotonic,TEST:netblock30d
0.30000000000000004,0.4,0,,,42,isotonic,TEST:netblock30d
0.4,0.5,0,,,42,isotonic,TEST:netblock30d
0.5,0.6000000000000001,0,,,42,isotonic,TEST:netblock30d
0.6000000000000001,0.7000000000000001,0,,,42,isotonic,TEST:netblock30d
0.7000000000000001,0.8,0,,,42,isotonic,TEST:netblock30d
0.8,0.9,0,,,42,isotonic,TEST:netblock30d
0.9,1.0,0,,,42,isotonic,TEST:netblock30d
0.0,0.1,115,0.046836629057491634,0.017391304347826087,42,raw,TEST:mar_meteo
0.1,0.2,73,0.14847772954237898,0.0821917808219178,42,raw,TEST:mar_meteo
0.2,0.30000000000000004,55,0.2550082254676809,0.12727272727272726,42,raw,TEST:mar_meteo
0.30000000000000004,0.4,27,0.33064875388367326,0.2222222222222222,42,raw,TEST:mar_meteo
0.4,0.5,18,0.4470208921867907,0.2777777777777778,42,raw,TEST:mar_meteo
0.5,0.6000000000000001,16,0.5411764640664966,0.375,42,raw,TEST:mar_meteo
0.6000000000000001,0.7000000000000001,14,0.6453236861678484,0.6428571428571429,42,raw,TEST:mar_meteo
0.7000000000000001,0.8,23,0.7581954571654387,0.9130434782608695,42,raw,TEST:mar_meteo
0.8,0.9,38,0.8619463566823053,0.9210526315789473,42,raw,TEST:mar_meteo
0.9,1.0,38,0.9448159088836654,0.9473684210526315,42,raw,TEST:mar_meteo
0.0,0.1,168,0.06091639805160686,0.03571428571428571,42,platt,TEST:mar_meteo
0.1,0.2,83,0.14705515627264237,0.10843373493975904,42,platt,TEST:mar_meteo
0.2,0.30000000000000004,19,0.23094621845696134,0.3157894736842105,42,platt,TEST:mar_meteo
0.30000000000000004,0.4,15,0.3486803652979058,0.26666666666666666,42,platt,TEST:mar_meteo
0.4,0.5,13,0.45315286744576555,0.38461538461538464,42,platt,TEST:mar_meteo
0.5,0.6000000000000001,8,0.547605962688798,0.5,42,platt,TEST:mar_meteo
0.6000000000000001,0.7000000000000001,11,0.6424245320119372,0.6363636363636364,42,platt,TEST:mar_meteo
0.7000000000000001,0.8,16,0.7532025719451179,0.8125,42,platt,TEST:mar_meteo
0.8,0.9,54,0.8587114531455016,0.9074074074074074,42,platt,TEST:mar_meteo
0.9,1.0,30,0.915765440273556,1.0,42,platt,TEST:mar_meteo
0.0,0.1,138,0.03537578274515483,0.014492753623188406,42,isotonic,TEST:mar_meteo
0.1,0.2,109,0.13635906356220778,0.11926605504587157,42,isotonic,TEST:mar_meteo
0.2,0.30000000000000004,19,0.2907908297184562,0.2631578947368421,42,isotonic,TEST:mar_meteo
0.30000000000000004,0.4,15,0.3567678812415654,0.2,42,isotonic,TEST:mar_meteo
0.4,0.5,22,0.46424242424242423,0.4090909090909091,42,isotonic,TEST:mar_meteo
0.5,0.6000000000000001,0,,,42,isotonic,TEST:mar_meteo
0.6000000000000001,0.7000000000000001,22,0.665117516629712,0.6818181818181818,42,isotonic,TEST:mar_meteo
0.7000000000000001,0.8,32,0.7415727459016395,0.90625,42,isotonic,TEST:mar_meteo
0.8,0.9,24,0.8649724755643121,0.9583333333333334,42,isotonic,TEST:mar_meteo
0.9,1.0,36,0.9650095709873262,0.9444444444444444,42,isotonic,TEST:mar_meteo
0.0,0.1,82,0.04687975872990272,0.04878048780487805,42,raw,TEST:mnar_wet
0.1,0.2,61,0.14763624352854804,0.16393442622950818,42,raw,TEST:mnar_wet
0.2,0.30000000000000004,33,0.25336319282562186,0.42424242424242425,42,raw,TEST:mnar_wet
0.30000000000000004,0.4,35,0.34836311347062676,0.5428571428571428,42,raw,TEST:mnar_wet
0.4,0.5,19,0.4552911064770495,0.631578947368421,42,raw,TEST:mnar_wet
0.5,0.6000000000000001,21,0.546618319766053,0.7142857142857143,42,raw,TEST:mnar_wet
0.6000000000000001,0.7000000000000001,17,0.6566403578186858,0.9411764705882353,42,raw,TEST:mnar_wet
0.7000000000000001,0.8,29,0.7518546307380246,0.896551724137931,42,raw,TEST:mnar_wet
0.8,0.9,36,0.8490429458918763,0.9166666666666666,42,raw,TEST:mnar_wet
0.9,1.0,84,0.9484030068595393,0.9880952380952381,42,raw,TEST:mnar_wet
0.0,0.1,126,0.06197223230918785,0.0873015873015873,42,platt,TEST:mnar_wet
0.1,0.2,55,0.1426750624111091,0.36363636363636365,42,platt,TEST:mnar_wet
0.2,0.30000000000000004,30,0.2466508484876506,0.5333333333333333,42,platt,TEST:mnar_wet
0.30000000000000004,0.4,13,0.35189596522790695,0.5384615384615384,42,platt,TEST:mnar_wet
0.4,0.5,17,0.4487753505451642,0.7647058823529411,42,platt,TEST:mnar_wet
0.5,0.6000000000000001,11,0.5361851618280536,0.7272727272727273,42,platt,TEST:mnar_wet
0.6000000000000001,0.7000000000000001,15,0.6563808842155153,0.9333333333333333,42,platt,TEST:mnar_wet
0.7000000000000001,0.8,24,0.755444320558194,0.9166666666666666,42,platt,TEST:mnar_wet
0.8,0.9,55,0.8580216111134952,0.9272727272727272,42,platt,TEST:mnar_wet
0.9,1.0,71,0.9158765741407191,0.9859154929577465,42,platt,TEST:mnar_wet
0.0,0.1,101,0.03435038030661826,0.06930693069306931,42,isotonic,TEST:mnar_wet
0.1,0.2,78,0.13010352716586832,0.28205128205128205,42,isotonic,TEST:mnar_wet
0.2,0.30000000000000004,17,0.29256146903205726,0.5294117647058824,42,isotonic,TEST:mnar_wet
0.30000000000000004,0.4,23,0.33884879422636854,0.5652173913043478,42,isotonic,TEST:mnar_wet
0.4,0.5,31,0.46581005347774584,0.7096774193548387,42,isotonic,TEST:mnar_wet
0.5,0.6000000000000001,0,,,42,isotonic,TEST:mnar_wet
0.6000000000000001,0.7000000000000001,30,0.6682146341463415,0.9,42,isotonic,TEST:mnar_wet
0.7000000000000001,0.8,40,0.7425286885245902,0.95,42,isotonic,TEST:mnar_wet
0.8,0.9,14,0.8641975308641976,0.8571428571428571,42,isotonic,TEST:mnar_wet
0.9,1.0,83,0.9670653952428742,0.9879518072289156,42,isotonic,TEST:mnar_wet
0.0,0.1,67,0.04857574925512906,0.029850746268656716,42,raw,TEST:mnar_intensity_moderate
0.1,0.2,56,0.15035295195411877,0.16071428571428573,42,raw,TEST:mnar_intensity_moderate
0.2,0.30000000000000004,36,0.243805634234465,0.05555555555555555,42,raw,TEST:mnar_intensity_moderate
0.30000000000000004,0.4,23,0.3503636731707605,0.4782608695652174,42,raw,TEST:mnar_intensity_moderate
0.4,0.5,16,0.4496815293229416,0.625,42,raw,TEST:mnar_intensity_moderate
0.5,0.6000000000000001,16,0.5324164001782141,0.4375,42,raw,TEST:mnar_intensity_moderate
0.6000000000000001,0.7000000000000001,21,0.6588389739857856,0.8095238095238095,42,raw,TEST:mnar_intensity_moderate
0.7000000000000001,0.8,29,0.7542233892533047,0.8275862068965517,42,raw,TEST:mnar_intensity_moderate
0.8,0.9,47,0.8515120661022355,0.9787234042553191,42,raw,TEST:mnar_intensity_moderate
0.9,1.0,106,0.9512796297010387,1.0,42,raw,TEST:mnar_intensity_moderate
0.0,0.1,108,0.06384629999197008,0.08333333333333333,42,platt,TEST:mnar_intensity_moderate
0.1,0.2,55,0.13887795121910362,0.07272727272727272,42,platt,TEST:mnar_intensity_moderate
0.2,0.30000000000000004,20,0.25385063274064645,0.55,42,platt,TEST:mnar_intensity_moderate
0.30000000000000004,0.4,10,0.3438568323408018,0.7,42,platt,TEST:mnar_intensity_moderate
0.4,0.5,16,0.44588419055113926,0.5625,42,platt,TEST:mnar_intensity_moderate
0.5,0.6000000000000001,7,0.5382246602895774,0.42857142857142855,42,platt,TEST:mnar_intensity_moderate
0.6000000000000001,0.7000000000000001,17,0.6594060538428412,0.7647058823529411,42,platt,TEST:mnar_intensity_moderate
0.7000000000000001,0.8,26,0.7586279766028596,0.8076923076923077,42,platt,TEST:mnar_intensity_moderate
0.8,0.9,73,0.8633853971772789,0.9863013698630136,42,platt,TEST:mnar_intensity_moderate
0.9,1.0,85,0.9183128692954367,1.0,42,platt,TEST:mnar_intensity_moderate
0.0,0.1,84,0.03642696761492274,0.05952380952380952,42,isotonic,TEST:mnar_intensity_moderate
0.1,0.2,78,0.12847379942721837,0.10256410256410256,42,isotonic,TEST:mnar_intensity_moderate
0.2,0.30000000000000004,11,0.2934102934102934,0.45454545454545453,42,isotonic,TEST:mnar_intensity_moderate
0.30000000000000004,0.4,19,0.3449019816748348,0.631578947368421,42,isotonic,TEST:mnar_intensity_moderate
0.4,0.5,22,0.4639287470647169,0.5,42,isotonic,TEST:mnar_intensity_moderate
0.5,0.6000000000000001,0,,,42,isotonic,TEST:mnar_intensity_moderate
0.6000000000000001,0.7000000000000001,33,0.6697058388765705,0.7878787878787878,42,isotonic,TEST:mnar_intensity_moderate
0.7000000000000001,0.8,44,0.7433308494783906,0.9318181818181818,42,isotonic,TEST:mnar_intensity_moderate
0.8,0.9,22,0.864987446496404,1.0,42,isotonic,TEST:mnar_intensity_moderate
0.9,1.0,104,0.967175995431291,1.0,42,isotonic,TEST:mnar_intensity_moderate
0.0,0.1,40,0.05026107809073123,0.1,42,raw,TEST:mnar_intensity_severe
0.1,0.2,24,0.14912762144690084,0.25,42,raw,TEST:mnar_intensity_severe
0.2,0.30000000000000004,21,0.25621879750458787,0.2857142857142857,42,raw,TEST:mnar_intensity_severe
0.30000000000000004,0.4,23,0.3412206718038679,0.6956521739130435,42,raw,TEST:mnar_intensity_severe
0.4,0.5,28,0.4613651180977801,0.9285714285714286,42,raw,TEST:mnar_intensity_severe
0.5,0.6000000000000001,25,0.5597523117880597,0.84,42,raw,TEST:mnar_intensity_severe
0.6000000000000001,0.7000000000000001,40,0.6484387652114119,1.0,42,raw,TEST:mnar_intensity_severe
0.7000000000000001,0.8,31,0.7471187740851837,0.967741935483871,42,raw,TEST:mnar_intensity_severe
0.8,0.9,77,0.8531054937557708,0.987012987012987,42,raw,TEST:mnar_intensity_severe
0.9,1.0,108,0.9472082278495058,1.0,42,raw,TEST:mnar_intensity_severe
0.0,0.1,57,0.0612118510944784,0.12280701754385964,42,platt,TEST:mnar_intensity_severe
0.1,0.2,31,0.1478140583316356,0.3548387096774194,42,platt,TEST:mnar_intensity_severe
0.2,0.30000000000000004,20,0.2367525060360852,0.7,42,platt,TEST:mnar_intensity_severe
0.30000000000000004,0.4,20,0.36152503180059326,0.95,42,platt,TEST:mnar_intensity_severe
0.4,0.5,17,0.4492667790131436,0.8235294117647058,42,platt,TEST:mnar_intensity_severe
0.5,0.6000000000000001,20,0.5527374739827072,0.9,42,platt,TEST:mnar_intensity_severe
0.6000000000000001,0.7000000000000001,33,0.6439727580012923,1.0,42,platt,TEST:mnar_intensity_severe
0.7000000000000001,0.8,30,0.7519556014182321,1.0,42,platt,TEST:mnar_intensity_severe
0.8,0.9,104,0.8626981411729725,0.9807692307692307,42,platt,TEST:mnar_intensity_severe
0.9,1.0,85,0.9169153574047177,1.0,42,platt,TEST:mnar_intensity_severe
0.0,0.1,49,0.03793165758068274,0.10204081632653061,42,isotonic,TEST:mnar_intensity_severe
0.1,0.2,38,0.1414185467243392,0.3157894736842105,42,isotonic,TEST:mnar_intensity_severe
0.2,0.30000000000000004,16,0.29243282556274164,0.6875,42,isotonic,TEST:mnar_intensity_severe
0.30000000000000004,0.4,17,0.35624553465110737,0.9411764705882353,42,isotonic,TEST:mnar_intensity_severe
0.4,0.5,37,0.4649663987927785,0.8648648648648649,42,isotonic,TEST:mnar_intensity_severe
0.5,0.6000000000000001,0,,,42,isotonic,TEST:mnar_intensity_severe
0.6000000000000001,0.7000000000000001,60,0.665691056910569,0.9833333333333333,42,isotonic,TEST:mnar_intensity_severe
0.7000000000000001,0.8,59,0.7469824951375383,0.9830508474576272,42,isotonic,TEST:mnar_intensity_severe
0.8,0.9,37,0.8653164641981501,0.972972972972973,42,isotonic,TEST:mnar_intensity_severe
0.9,1.0,104,0.9674901931760691,1.0,42,isotonic,TEST:mnar_intensity_severe
0.0,0.1,636,0.05799192929751878,0.0220125786163522,123,raw,VAL-SELECT
0.1,0.2,391,0.13956712861840415,0.09207161125319693,123,raw,VAL-SELECT
0.2,0.30000000000000004,196,0.24500366366107149,0.20408163265306123,123,raw,VAL-SELECT
0.30000000000000004,0.4,136,0.3424027801642864,0.25,123,raw,VAL-SELECT
0.4,0.5,88,0.44406391542985185,0.3522727272727273,123,raw,VAL-SELECT
0.5,0.6000000000000001,79,0.5486481249255387,0.4810126582278481,123,raw,VAL-SELECT
0.6000000000000001,0.7000000000000001,87,0.64901012236259,0.6666666666666666,123,raw,VAL-SELECT
0.7000000000000001,0.8,107,0.7496886298710882,0.7663551401869159,123,raw,VAL-SELECT
0.8,0.9,152,0.8564919528438651,0.868421052631579,123,raw,VAL-SELECT
0.9,1.0,207,0.9459518865745786,0.9130434782608695,123,raw,VAL-SELECT
0.0,0.1,969,0.06318179522112276,0.043343653250773995,123,platt,VAL-SELECT
0.1,0.2,273,0.14093124817505126,0.19047619047619047,123,platt,VAL-SELECT
0.2,0.30000000000000004,120,0.23966335834902602,0.25833333333333336,123,platt,VAL-SELECT
0.30000000000000004,0.4,67,0.34002784488468524,0.34328358208955223,123,platt,VAL-SELECT
0.4,0.5,58,0.4508054164411349,0.43103448275862066,123,platt,VAL-SELECT
0.5,0.6000000000000001,53,0.5514128589206608,0.5471698113207547,123,platt,VAL-SELECT
0.6000000000000001,0.7000000000000001,67,0.6501853749280874,0.6716417910447762,123,platt,VAL-SELECT
0.7000000000000001,0.8,100,0.7562143079137901,0.75,123,platt,VAL-SELECT
0.8,0.9,216,0.8640368290386834,0.8611111111111112,123,platt,VAL-SELECT
0.9,1.0,156,0.9169971727684203,0.9358974358974359,123,platt,VAL-SELECT
0.0,0.1,853,0.04276224294139641,0.03634232121922626,123,isotonic,VAL-SELECT
0.1,0.2,374,0.13702576345639264,0.16042780748663102,123,isotonic,VAL-SELECT
0.2,0.30000000000000004,150,0.2642690763030822,0.25333333333333335,123,isotonic,VAL-SELECT
0.30000000000000004,0.4,3,0.35699875210388415,0.0,123,isotonic,VAL-SELECT
0.4,0.5,80,0.45094145439115857,0.4,123,isotonic,VAL-SELECT
0.5,0.6000000000000001,86,0.5229235880398668,0.5232558139534884,123,isotonic,VAL-SELECT
0.6000000000000001,0.7000000000000001,103,0.6933656957928802,0.6504854368932039,123,isotonic,VAL-SELECT
0.7000000000000001,0.8,181,0.7568166675070083,0.850828729281768,123,isotonic,VAL-SELECT
0.8,0.9,87,0.8829756870759473,0.8620689655172413,123,isotonic,VAL-SELECT
0.9,1.0,162,0.9714634679217876,0.9382716049382716,123,isotonic,VAL-SELECT
0.0,0.1,108,0.049037069075804525,0.009259259259259259,123,raw,TEST:10pct
0.1,0.2,63,0.14185258561056824,0.031746031746031744,123,raw,TEST:10pct
0.2,0.30000000000000004,47,0.24923380366661754,0.14893617021276595,123,raw,TEST:10pct
0.30000000000000004,0.4,33,0.3515393696416111,0.21212121212121213,123,raw,TEST:10pct
0.4,0.5,17,0.44142143036336456,0.35294117647058826,123,raw,TEST:10pct
0.5,0.6000000000000001,16,0.5461056130739046,0.5625,123,raw,TEST:10pct
0.6000000000000001,0.7000000000000001,19,0.652644950723449,0.5789473684210527,123,raw,TEST:10pct
0.7000000000000001,0.8,27,0.7533442455541006,0.7407407407407407,123,raw,TEST:10pct
0.8,0.9,34,0.8579129491373639,0.9117647058823529,123,raw,TEST:10pct
0.9,1.0,52,0.9455102751493248,0.9038461538461539,123,raw,TEST:10pct
0.0,0.1,158,0.06061858651692814,0.0189873417721519,123,platt,TEST:10pct
0.1,0.2,63,0.1424428299731407,0.1111111111111111,123,platt,TEST:10pct
0.2,0.30000000000000004,31,0.24826293007697212,0.25806451612903225,123,platt,TEST:10pct
0.30000000000000004,0.4,15,0.34887142390137854,0.3333333333333333,123,platt,TEST:10pct
0.4,0.5,9,0.4518421801178978,0.3333333333333333,123,platt,TEST:10pct
0.5,0.6000000000000001,12,0.5569666022050473,0.6666666666666666,123,platt,TEST:10pct
0.6000000000000001,0.7000000000000001,14,0.661844856278277,0.5714285714285714,123,platt,TEST:10pct
0.7000000000000001,0.8,19,0.7471481472587239,0.7894736842105263,123,platt,TEST:10pct
0.8,0.9,57,0.8603120961799484,0.8070175438596491,123,platt,TEST:10pct
0.9,1.0,38,0.9170661771901701,1.0,123,platt,TEST:10pct
0.0,0.1,142,0.037940078785713975,0.007042253521126761,123,isotonic,TEST:10pct
0.1,0.2,77,0.14198235214857868,0.11688311688311688,123,isotonic,TEST:10pct
0.2,0.30000000000000004,35,0.27048098883685584,0.2571428571428571,123,isotonic,TEST:10pct
0.30000000000000004,0.4,0,,,123,isotonic,TEST:10pct
0.4,0.5,19,0.4468130108170411,0.2631578947368421,123,isotonic,TEST:10pct
0.5,0.6000000000000001,15,0.5228571428571428,0.6666666666666666,123,isotonic,TEST:10pct
0.6000000000000001,0.7000000000000001,24,0.6938657407407406,0.7083333333333334,123,isotonic,TEST:10pct
0.7000000000000001,0.8,44,0.7550785068426197,0.7954545454545454,123,isotonic,TEST:10pct
0.8,0.9,20,0.8830917874396136,0.8,123,isotonic,TEST:10pct
0.9,1.0,40,0.9694159116315774,0.975,123,isotonic,TEST:10pct
0.0,0.1,212,0.05370377439023738,0.0047169811320754715,123,raw,TEST:block7d
0.1,0.2,167,0.1475306516201432,0.08982035928143713,123,raw,TEST:block7d
0.2,0.30000000000000004,112,0.24091420502276092,0.16964285714285715,123,raw,TEST:block7d
0.30000000000000004,0.4,55,0.3445923064080361,0.23636363636363636,123,raw,TEST:block7d
0.4,0.5,47,0.457637110433181,0.48936170212765956,123,raw,TEST:block7d
0.5,0.6000000000000001,29,0.5484288223752849,0.6206896551724138,123,raw,TEST:block7d
0.6000000000000001,0.7000000000000001,35,0.6463831996204739,0.6571428571428571,123,raw,TEST:block7d
0.7000000000000001,0.8,41,0.7608117761899312,0.8048780487804879,123,raw,TEST:block7d
0.8,0.9,75,0.8503158408167116,0.8933333333333333,123,raw,TEST:block7d
0.9,1.0,67,0.9436872494786382,0.9253731343283582,123,raw,TEST:block7d
0.0,0.1,340,0.06394876450602359,0.04411764705882353,123,platt,TEST:block7d
0.1,0.2,159,0.13680619162454166,0.1320754716981132,123,platt,TEST:block7d
0.2,0.30000000000000004,47,0.24132528208629128,0.2553191489361702,123,platt,TEST:block7d
0.30000000000000004,0.4,36,0.3575125159820147,0.4722222222222222,123,platt,TEST:block7d
0.4,0.5,23,0.4385433037186584,0.5652173913043478,123,platt,TEST:block7d
0.5,0.6000000000000001,23,0.548687625188155,0.6956521739130435,123,platt,TEST:block7d
0.6000000000000001,0.7000000000000001,29,0.6513545221799686,0.6206896551724138,123,platt,TEST:block7d
0.7000000000000001,0.8,32,0.7686624191607176,0.8125,123,platt,TEST:block7d
0.8,0.9,101,0.8568122069935463,0.8910891089108911,123,platt,TEST:block7d
0.9,1.0,50,0.9159408915552534,0.92,123,platt,TEST:block7d
0.0,0.1,290,0.04204381033165886,0.03793103448275862,123,isotonic,TEST:block7d
0.1,0.2,202,0.13557509470951704,0.12376237623762376,123,isotonic,TEST:block7d
0.2,0.30000000000000004,57,0.2654680027712153,0.22807017543859648,123,isotonic,TEST:block7d
0.30000000000000004,0.4,0,,,123,isotonic,TEST:block7d
0.4,0.5,51,0.4573241061130335,0.5294117647058824,123,isotonic,TEST:block7d
0.5,0.6000000000000001,30,0.5255871611428637,0.6666666666666666,123,isotonic,TEST:block7d
0.6000000000000001,0.7000000000000001,36,0.6934799382716048,0.6666666666666666,123,isotonic,TEST:block7d
0.7000000000000001,0.8,93,0.7575622904382011,0.8387096774193549,123,isotonic,TEST:block7d
0.8,0.9,29,0.8815913887636352,1.0,123,isotonic,TEST:block7d
0.9,1.0,52,0.9699203656458549,0.9038461538461539,123,isotonic,TEST:block7d
0.0,0.1,175,0.060275234679964214,0.022857142857142857,123,raw,TEST:block30d
0.1,0.2,165,0.14473541585821337,0.06666666666666667,123,raw,TEST:block30d
0.2,0.30000000000000004,115,0.2469205784990023,0.11304347826086956,123,raw,TEST:block30d
0.30000000000000004,0.4,62,0.3413270813926251,0.1935483870967742,123,raw,TEST:block30d
0.4,0.5,41,0.44842525449588255,0.2682926829268293,123,raw,TEST:block30d
0.5,0.6000000000000001,34,0.549917785704967,0.4117647058823529,123,raw,TEST:block30d
0.6000000000000001,0.7000000000000001,46,0.6564161203844869,0.717391304347826,123,raw,TEST:block30d
0.7000000000000001,0.8,48,0.7526238944984032,0.75,123,raw,TEST:block30d
0.8,0.9,64,0.8502521592889435,0.84375,123,raw,TEST:block30d
0.9,1.0,90,0.9459031350223993,0.9555555555555556,123,raw,TEST:block30d
0.0,0.1,304,0.06605657688235748,0.039473684210526314,123,platt,TEST:block30d
0.1,0.2,162,0.14155475793315056,0.10493827160493827,123,platt,TEST:block30d
0.2,0.30000000000000004,51,0.23893060617350906,0.21568627450980393,123,platt,TEST:block30d
0.30000000000000004,0.4,32,0.34434622159556094,0.3125,123,platt,TEST:block30d
0.4,0.5,24,0.442622086701043,0.20833333333333334,123,platt,TEST:block30d
0.5,0.6000000000000001,22,0.5463056272030569,0.5909090909090909,123,platt,TEST:block30d
0.6000000000000001,0.7000000000000001,37,0.6508808595114799,0.7297297297297297,123,platt,TEST:block30d
0.7000000000000001,0.8,45,0.752333951330174,0.7111111111111111,123,platt,TEST:block30d
0.8,0.9,93,0.8583451584113682,0.8494623655913979,123,platt,TEST:block30d
0.9,1.0,70,0.9162463807139809,0.9714285714285714,123,platt,TEST:block30d
0.0,0.1,256,0.04509257217365394,0.02734375,123,isotonic,TEST:block30d
0.1,0.2,202,0.1400390574716009,0.10396039603960396,123,isotonic,TEST:block30d
0.2,0.30000000000000004,67,0.2634583733288685,0.23880597014925373,123,isotonic,TEST:block30d
0.30000000000000004,0.4,0,,,123,isotonic,TEST:block30d
0.4,0.5,40,0.4571461397058824,0.2,123,isotonic,TEST:block30d
0.5,0.6000000000000001,33,0.5216624524227781,0.5454545454545454,123,isotonic,TEST:block30d
0.6000000000000001,0.7000000000000001,55,0.693560606060606,0.7272727272727273,123,isotonic,TEST:block30d
0.7000000000000001,0.8,86,0.755634221055264,0.7790697674418605,123,isotonic,TEST:block30d
0.8,0.9,29,0.8828918873896385,0.9655172413793104,123,isotonic,TEST:block30d
0.9,1.0,72,0.9698959037638044,0.9583333333333334,123,isotonic,TEST:block30d
0.0,0.1,0,,,123,raw,TEST:netblock30d
0.1,0.2,588,0.1682937600744022,0.20238095238095238,123,raw,TEST:netblock30d
0.2,0.30000000000000004,224,0.2619998836254608,0.35714285714285715,123,raw,TEST:netblock30d
0.30000000000000004,0.4,28,0.30847896011029635,0.5357142857142857,123,raw,TEST:netblock30d
0.4,0.5,0,,,123,raw,TEST:netblock30d
0.5,0.6000000000000001,0,,,123,raw,TEST:netblock30d
0.6000000000000001,0.7000000000000001,0,,,123,raw,TEST:netblock30d
0.7000000000000001,0.8,0,,,123,raw,TEST:netblock30d
0.8,0.9,0,,,123,raw,TEST:netblock30d
0.9,1.0,0,,,123,raw,TEST:netblock30d
0.0,0.1,268,0.08812839672495298,0.09701492537313433,123,platt,TEST:netblock30d
0.1,0.2,568,0.13060828742689407,0.323943661971831,123,platt,TEST:netblock30d
0.2,0.30000000000000004,4,0.2025126861740451,1.0,123,platt,TEST:netblock30d
0.30000000000000004,0.4,0,,,123,platt,TEST:netblock30d
0.4,0.5,0,,,123,platt,TEST:netblock30d
0.5,0.6000000000000001,0,,,123,platt,TEST:netblock30d
0.6000000000000001,0.7000000000000001,0,,,123,platt,TEST:netblock30d
0.7000000000000001,0.8,0,,,123,platt,TEST:netblock30d
0.8,0.9,0,,,123,platt,TEST:netblock30d
0.9,1.0,0,,,123,platt,TEST:netblock30d
0.0,0.1,88,0.0607427660059239,0.14772727272727273,123,isotonic,TEST:netblock30d
0.1,0.2,724,0.1333270131732153,0.2569060773480663,123,isotonic,TEST:netblock30d
0.2,0.30000000000000004,28,0.20754352758536948,0.5357142857142857,123,isotonic,TEST:netblock30d
0.30000000000000004,0.4,0,,,123,isotonic,TEST:netblock30d
0.4,0.5,0,,,123,isotonic,TEST:netblock30d
0.5,0.6000000000000001,0,,,123,isotonic,TEST:netblock30d
0.6000000000000001,0.7000000000000001,0,,,123,isotonic,TEST:netblock30d
0.7000000000000001,0.8,0,,,123,isotonic,TEST:netblock30d
0.8,0.9,0,,,123,isotonic,TEST:netblock30d
0.9,1.0,0,,,123,isotonic,TEST:netblock30d
0.0,0.1,121,0.04911290795743663,0.01652892561983471,123,raw,TEST:mar_meteo
0.1,0.2,73,0.14939707622497067,0.0821917808219178,123,raw,TEST:mar_meteo
0.2,0.30000000000000004,47,0.25267606334617876,0.1702127659574468,123,raw,TEST:mar_meteo
0.30000000000000004,0.4,34,0.3434720946431688,0.17647058823529413,123,raw,TEST:mar_meteo
0.4,0.5,13,0.4588219015406971,0.23076923076923078,123,raw,TEST:mar_meteo
0.5,0.6000000000000001,19,0.5523572646665406,0.5263157894736842,123,raw,TEST:mar_meteo
0.6000000000000001,0.7000000000000001,12,0.6545596026669672,0.6666666666666666,123,raw,TEST:mar_meteo
0.7000000000000001,0.8,22,0.7590637447702087,0.8636363636363636,123,raw,TEST:mar_meteo
0.8,0.9,30,0.853455255828578,0.9,123,raw,TEST:mar_meteo
0.9,1.0,46,0.9389678522458655,0.9565217391304348,123,raw,TEST:mar_meteo
0.0,0.1,176,0.06143557337510843,0.03977272727272727,123,platt,TEST:mar_meteo
0.1,0.2,69,0.14226133379472647,0.13043478260869565,123,platt,TEST:mar_meteo
0.2,0.30000000000000004,30,0.238630134425308,0.2,123,platt,TEST:mar_meteo
0.30000000000000004,0.4,9,0.35280710437583185,0.1111111111111111,123,platt,TEST:mar_meteo
0.4,0.5,12,0.4446337619385541,0.5,123,platt,TEST:mar_meteo
0.5,0.6000000000000001,12,0.5472050386681043,0.5,123,platt,TEST:mar_meteo
0.6000000000000001,0.7000000000000001,10,0.6535191102622454,0.7,123,platt,TEST:mar_meteo
0.7000000000000001,0.8,17,0.7588788229144301,0.8235294117647058,123,platt,TEST:mar_meteo
0.8,0.9,51,0.8616886443147447,0.9215686274509803,123,platt,TEST:mar_meteo
0.9,1.0,31,0.9153183677583827,0.967741935483871,123,platt,TEST:mar_meteo
0.0,0.1,150,0.03775708592395649,0.02,123,isotonic,TEST:mar_meteo
0.1,0.2,93,0.14137211441250838,0.13978494623655913,123,isotonic,TEST:mar_meteo
0.2,0.30000000000000004,34,0.2701320034724083,0.20588235294117646,123,isotonic,TEST:mar_meteo
0.30000000000000004,0.4,0,,,123,isotonic,TEST:mar_meteo
0.4,0.5,14,0.4688156512605043,0.21428571428571427,123,isotonic,TEST:mar_meteo
0.5,0.6000000000000001,18,0.5206349206349206,0.5555555555555556,123,isotonic,TEST:mar_meteo
0.6000000000000001,0.7000000000000001,16,0.6935763888888888,0.75,123,isotonic,TEST:mar_meteo
0.7000000000000001,0.8,39,0.7530069616763165,0.8974358974358975,123,isotonic,TEST:mar_meteo
0.8,0.9,20,0.8840122735941961,0.95,123,isotonic,TEST:mar_meteo
0.9,1.0,33,0.9706266519146844,0.9393939393939394,123,isotonic,TEST:mar_meteo
0.0,0.1,78,0.044513636770107,0.038461538461538464,123,raw,TEST:mnar_wet
0.1,0.2,61,0.13983252415831793,0.16393442622950818,123,raw,TEST:mnar_wet
0.2,0.30000000000000004,36,0.24825120386612998,0.3888888888888889,123,raw,TEST:mnar_wet
0.30000000000000004,0.4,32,0.34731136720982525,0.5625,123,raw,TEST:mnar_wet
0.4,0.5,24,0.45015744124173573,0.5833333333333334,123,raw,TEST:mnar_wet
0.5,0.6000000000000001,20,0.5448617744551485,0.75,123,raw,TEST:mnar_wet
0.6000000000000001,0.7000000000000001,18,0.6582129758302693,0.9444444444444444,123,raw,TEST:mnar_wet
0.7000000000000001,0.8,28,0.7518652005068532,0.9285714285714286,123,raw,TEST:mnar_wet
0.8,0.9,32,0.844204677673855,0.90625,123,raw,TEST:mnar_wet
0.9,1.0,88,0.9472066227179611,0.9772727272727273,123,raw,TEST:mnar_wet
0.0,0.1,131,0.06269950548789086,0.08396946564885496,123,platt,TEST:mnar_wet
0.1,0.2,50,0.1482302621406189,0.38,123,platt,TEST:mnar_wet
0.2,0.30000000000000004,27,0.24825598674142288,0.5925925925925926,123,platt,TEST:mnar_wet
0.30000000000000004,0.4,15,0.33685800578908753,0.5333333333333333,123,platt,TEST:mnar_wet
0.4,0.5,20,0.44867657114431536,0.7,123,platt,TEST:mnar_wet
0.5,0.6000000000000001,8,0.5374949025541572,0.75,123,platt,TEST:mnar_wet
0.6000000000000001,0.7000000000000001,15,0.6462472164368481,1.0,123,platt,TEST:mnar_wet
0.7000000000000001,0.8,26,0.7528800381580723,0.8846153846153846,123,platt,TEST:mnar_wet
0.8,0.9,57,0.8624402378177038,0.9298245614035088,123,platt,TEST:mnar_wet
0.9,1.0,68,0.9168963760212475,0.9852941176470589,123,platt,TEST:mnar_wet
0.0,0.1,112,0.03906760020817525,0.07142857142857142,123,isotonic,TEST:mnar_wet
0.1,0.2,63,0.1411582055090578,0.30158730158730157,123,isotonic,TEST:mnar_wet
0.2,0.30000000000000004,37,0.2671289710763395,0.5405405405405406,123,isotonic,TEST:mnar_wet
0.30000000000000004,0.4,0,,,123,isotonic,TEST:mnar_wet
0.4,0.5,22,0.4542210628652578,0.6818181818181818,123,isotonic,TEST:mnar_wet
0.5,0.6000000000000001,19,0.5180451127819549,0.7368421052631579,123,isotonic,TEST:mnar_wet
0.6000000000000001,0.7000000000000001,26,0.693643162393162,0.9230769230769231,123,isotonic,TEST:mnar_wet
0.7000000000000001,0.8,47,0.7556837680164725,0.9148936170212766,123,isotonic,TEST:mnar_wet
0.8,0.9,16,0.8864734299516908,0.9375,123,isotonic,TEST:mnar_wet
0.9,1.0,75,0.9683806626098714,0.9866666666666667,123,isotonic,TEST:mnar_wet
0.0,0.1,63,0.043883422181374566,0.031746031746031744,123,raw,TEST:mnar_intensity_moderate
0.1,0.2,63,0.14790947224376713,0.14285714285714285,123,raw,TEST:mnar_intensity_moderate
0.2,0.30000000000000004,35,0.2462855662609438,0.05714285714285714,123,raw,TEST:mnar_intensity_moderate
0.30000000000000004,0.4,22,0.35774334104454,0.5,123,raw,TEST:mnar_intensity_moderate
0.4,0.5,17,0.456034840477377,0.5882352941176471,123,raw,TEST:mnar_intensity_moderate
0.5,0.6000000000000001,18,0.5593832626143382,0.6111111111111112,123,raw,TEST:mnar_intensity_moderate
0.6000000000000001,0.7000000000000001,18,0.6696886193077691,0.7777777777777778,123,raw,TEST:mnar_intensity_moderate
0.7000000000000001,0.8,33,0.7628978788072898,0.8484848484848485,123,raw,TEST:mnar_intensity_moderate
0.8,0.9,37,0.8545767966959137,0.972972972972973,123,raw,TEST:mnar_intensity_moderate
0.9,1.0,111,0.9509382252115224,1.0,123,raw,TEST:mnar_intensity_moderate
0.0,0.1,110,0.06370154428341906,0.08181818181818182,123,platt,TEST:mnar_intensity_moderate
0.1,0.2,52,0.13544807533586048,0.09615384615384616,123,platt,TEST:mnar_intensity_moderate
0.2,0.30000000000000004,22,0.25305774818588217,0.45454545454545453,123,platt,TEST:mnar_intensity_moderate
0.30000000000000004,0.4,10,0.34821105553902093,0.6,123,platt,TEST:mnar_intensity_moderate
0.4,0.5,13,0.44931891138505353,0.6153846153846154,123,platt,TEST:mnar_intensity_moderate
0.5,0.6000000000000001,11,0.5446235623300996,0.6363636363636364,123,platt,TEST:mnar_intensity_moderate
0.6000000000000001,0.7000000000000001,16,0.6678742561754416,0.75,123,platt,TEST:mnar_intensity_moderate
0.7000000000000001,0.8,22,0.7553074929371217,0.7727272727272727,123,platt,TEST:mnar_intensity_moderate
0.8,0.9,69,0.858372566646258,0.9855072463768116,123,platt,TEST:mnar_intensity_moderate
0.9,1.0,92,0.9176774891603969,1.0,123,platt,TEST:mnar_intensity_moderate
0.0,0.1,93,0.04015429680387118,0.07526881720430108,123,isotonic,TEST:mnar_intensity_moderate
0.1,0.2,68,0.13672926309658825,0.08823529411764706,123,isotonic,TEST:mnar_intensity_moderate
0.2,0.30000000000000004,25,0.2750657894736842,0.44,123,isotonic,TEST:mnar_intensity_moderate
0.30000000000000004,0.4,0,,,123,isotonic,TEST:mnar_intensity_moderate
0.4,0.5,15,0.46017156862745107,0.6666666666666666,123,isotonic,TEST:mnar_intensity_moderate
0.5,0.6000000000000001,17,0.5218487394957982,0.6470588235294118,123,isotonic,TEST:mnar_intensity_moderate
0.6000000000000001,0.7000000000000001,25,0.6946616972621256,0.76,123,isotonic,TEST:mnar_intensity_moderate
0.7000000000000001,0.8,56,0.7535342261904763,0.9285714285714286,123,isotonic,TEST:mnar_intensity_moderate
0.8,0.9,23,0.8855282503675699,1.0,123,isotonic,TEST:mnar_intensity_moderate
0.9,1.0,95,0.9746069606574499,1.0,123,isotonic,TEST:mnar_intensity_moderate
0.0,0.1,41,0.05198775252701324,0.07317073170731707,123,raw,TEST:mnar_intensity_severe
0.1,0.2,23,0.14712366263479423,0.34782608695652173,123,raw,TEST:mnar_intensity_severe
0.2,0.30000000000000004,22,0.2544455925913228,0.22727272727272727,123,raw,TEST:mnar_intensity_severe
0.30000000000000004,0.4,25,0.34371065999079387,0.76,123,raw,TEST:mnar_intensity_severe
0.4,0.5,21,0.4610387305616951,0.9523809523809523,123,raw,TEST:mnar_intensity_severe
0.5,0.6000000000000001,33,0.5608050310084853,0.8787878787878788,123,raw,TEST:mnar_intensity_severe
0.6000000000000001,0.7000000000000001,39,0.6528644253761586,0.9743589743589743,123,raw,TEST:mnar_intensity_severe
0.7000000000000001,0.8,28,0.7516424579568367,1.0,123,raw,TEST:mnar_intensity_severe
0.8,0.9,75,0.854095746970123,0.9733333333333334,123,raw,TEST:mnar_intensity_severe
0.9,1.0,110,0.9483004295616467,1.0,123,raw,TEST:mnar_intensity_severe
0.0,0.1,60,0.06225364850433834,0.15,123,platt,TEST:mnar_intensity_severe
0.1,0.2,30,0.15254860847424806,0.3333333333333333,123,platt,TEST:mnar_intensity_severe
0.2,0.30000000000000004,21,0.24088505540935076,0.7619047619047619,123,platt,TEST:mnar_intensity_severe
0.30000000000000004,0.4,13,0.35368018207926644,0.9230769230769231,123,platt,TEST:mnar_intensity_severe
0.4,0.5,15,0.44044347902949155,1.0,123,platt,TEST:mnar_intensity_severe
0.5,0.6000000000000001,30,0.5397099439821156,0.8333333333333334,123,platt,TEST:mnar_intensity_severe
0.6000000000000001,0.7000000000000001,33,0.654057196388416,1.0,123,platt,TEST:mnar_intensity_severe
0.7000000000000001,0.8,25,0.7533670026336313,1.0,123,platt,TEST:mnar_intensity_severe
0.8,0.9,95,0.8603764194160552,0.9789473684210527,123,platt,TEST:mnar_intensity_severe
0.9,1.0,95,0.9157916263793952,1.0,123,platt,TEST:mnar_intensity_severe
0.0,0.1,52,0.03986859199840741,0.11538461538461539,123,isotonic,TEST:mnar_intensity_severe
0.1,0.2,35,0.15203794493305398,0.2857142857142857,123,isotonic,TEST:mnar_intensity_severe
0.2,0.30000000000000004,25,0.2662575663668267,0.8,123,isotonic,TEST:mnar_intensity_severe
0.30000000000000004,0.4,0,,,123,isotonic,TEST:mnar_intensity_severe
0.4,0.5,22,0.4546707887700535,0.9545454545454546,123,isotonic,TEST:mnar_intensity_severe
0.5,0.6000000000000001,38,0.5270676691729322,0.868421052631579,123,isotonic,TEST:mnar_intensity_severe
0.6000000000000001,0.7000000000000001,42,0.6934523809523809,1.0,123,isotonic,TEST:mnar_intensity_severe
0.7000000000000001,0.8,75,0.763225806451613,0.9733333333333334,123,isotonic,TEST:mnar_intensity_severe
0.8,0.9,29,0.8788623709278649,1.0,123,isotonic,TEST:mnar_intensity_severe
0.9,1.0,99,0.9688301778796948,1.0,123,isotonic,TEST:mnar_intensity_severe
0.0,0.1,638,0.057325518936381104,0.02664576802507837,456,raw,VAL-SELECT
0.1,0.2,394,0.1401282866874996,0.08883248730964467,456,raw,VAL-SELECT
0.2,0.30000000000000004,186,0.2461708899673464,0.1935483870967742,456,raw,VAL-SELECT
0.30000000000000004,0.4,151,0.3430283900902788,0.2582781456953642,456,raw,VAL-SELECT
0.4,0.5,73,0.4454162310500778,0.3424657534246575,456,raw,VAL-SELECT
0.5,0.6000000000000001,80,0.5486491741378755,0.475,456,raw,VAL-SELECT
0.6000000000000001,0.7000000000000001,98,0.6500903383958384,0.6530612244897959,456,raw,VAL-SELECT
0.7000000000000001,0.8,102,0.75265577241137,0.7647058823529411,456,raw,VAL-SELECT
0.8,0.9,153,0.8547344540444105,0.869281045751634,456,raw,VAL-SELECT
0.9,1.0,204,0.9457063851685078,0.9264705882352942,456,raw,VAL-SELECT
0.0,0.1,977,0.06307571477876722,0.04708290685772774,456,platt,VAL-SELECT
0.1,0.2,264,0.1429029978406318,0.19318181818181818,456,platt,VAL-SELECT
0.2,0.30000000000000004,131,0.24080836113587356,0.2366412213740458,456,platt,VAL-SELECT
0.30000000000000004,0.4,55,0.34297112808316965,0.32727272727272727,456,platt,VAL-SELECT
0.4,0.5,58,0.4537475738170194,0.43103448275862066,456,platt,VAL-SELECT
0.5,0.6000000000000001,58,0.5580168315556271,0.5689655172413793,456,platt,VAL-SELECT
0.6000000000000001,0.7000000000000001,64,0.6516034873591591,0.640625,456,platt,VAL-SELECT
0.7000000000000001,0.8,93,0.7496533227006098,0.7849462365591398,456,platt,VAL-SELECT
0.8,0.9,232,0.8619000291626179,0.853448275862069,456,platt,VAL-SELECT
0.9,1.0,147,0.9177400712133934,0.9387755102040817,456,platt,VAL-SELECT
0.0,0.1,1017,0.052745210443347915,0.05014749262536873,456,isotonic,VAL-SELECT
0.1,0.2,96,0.09999999999999999,0.14583333333333334,456,isotonic,VAL-SELECT
0.2,0.30000000000000004,279,0.24854076940929776,0.24731182795698925,456,isotonic,VAL-SELECT
0.30000000000000004,0.4,1,0.3531645713168353,0.0,456,isotonic,VAL-SELECT
0.4,0.5,85,0.4794670871286666,0.4117647058823529,456,isotonic,VAL-SELECT
0.5,0.6000000000000001,32,0.5405405405405406,0.40625,456,isotonic,VAL-SELECT
0.6000000000000001,0.7000000000000001,94,0.6218826249805631,0.6595744680851063,456,isotonic,VAL-SELECT
0.7000000000000001,0.8,185,0.7212812423948143,0.7891891891891892,456,isotonic,VAL-SELECT
0.8,0.9,63,0.8092125739184566,0.873015873015873,456,isotonic,VAL-SELECT
0.9,1.0,227,0.9598304667930635,0.920704845814978,456,isotonic,VAL-SELECT
0.0,0.1,110,0.049045484272403274,0.0,456,raw,TEST:10pct
0.1,0.2,65,0.1447828664277255,0.046153846153846156,456,raw,TEST:10pct
0.2,0.30000000000000004,41,0.25027035262941283,0.07317073170731707,456,raw,TEST:10pct
0.30000000000000004,0.4,32,0.35614899118731486,0.28125,456,raw,TEST:10pct
0.4,0.5,20,0.4528825492975296,0.4,456,raw,TEST:10pct
0.5,0.6000000000000001,13,0.5506878729488304,0.6153846153846154,456,raw,TEST:10pct
0.6000000000000001,0.7000000000000001,18,0.6481755613289029,0.4444444444444444,456,raw,TEST:10pct
0.7000000000000001,0.8,30,0.7467789087679684,0.7666666666666667,456,raw,TEST:10pct
0.8,0.9,35,0.8603218218280813,0.8857142857142857,456,raw,TEST:10pct
0.9,1.0,52,0.9468728632363624,0.9230769230769231,456,raw,TEST:10pct
0.0,0.1,163,0.06143652710987966,0.012269938650306749,456,platt,TEST:10pct
0.1,0.2,55,0.14222582908711678,0.09090909090909091,456,platt,TEST:10pct
0.2,0.30000000000000004,30,0.24964894857678194,0.26666666666666666,456,platt,TEST:10pct
0.30000000000000004,0.4,16,0.3538845297148809,0.5,456,platt,TEST:10pct
0.4,0.5,11,0.4482099041699058,0.2727272727272727,456,platt,TEST:10pct
0.5,0.6000000000000001,10,0.5618944999374231,0.6,456,platt,TEST:10pct
0.6000000000000001,0.7000000000000001,12,0.6511847935954284,0.5,456,platt,TEST:10pct
0.7000000000000001,0.8,27,0.7492056543025248,0.7777777777777778,456,platt,TEST:10pct
0.8,0.9,49,0.8622991062932351,0.8571428571428571,456,platt,TEST:10pct
0.9,1.0,43,0.915519805244603,0.9302325581395349,456,platt,TEST:10pct
0.0,0.1,171,0.04902716994333651,0.017543859649122806,456,isotonic,TEST:10pct
0.1,0.2,19,0.10000000000000002,0.10526315789473684,456,isotonic,TEST:10pct
0.2,0.30000000000000004,61,0.2494850427583797,0.21311475409836064,456,isotonic,TEST:10pct
0.30000000000000004,0.4,1,0.3118267847734331,0.0,456,isotonic,TEST:10pct
0.4,0.5,20,0.4796296296296296,0.3,456,isotonic,TEST:10pct
0.5,0.6000000000000001,6,0.5405405405405405,0.6666666666666666,456,isotonic,TEST:10pct
0.6000000000000001,0.7000000000000001,19,0.6218487394957983,0.5263157894736842,456,isotonic,TEST:10pct
0.7000000000000001,0.8,45,0.7200263423309096,0.7777777777777778,456,isotonic,TEST:10pct
0.8,0.9,19,0.8121469001046061,0.9473684210526315,456,isotonic,TEST:10pct
0.9,1.0,55,0.9643500087500232,0.9090909090909091,456,isotonic,TEST:10pct
0.0,0.1,215,0.05302902001591211,0.013953488372093023,456,raw,TEST:block7d
0.1,0.2,173,0.1513028351884787,0.08670520231213873,456,raw,TEST:block7d
0.2,0.30000000000000004,106,0.2453451228356057,0.16037735849056603,456,raw,TEST:block7d
0.30000000000000004,0.4,49,0.3370929807107813,0.2653061224489796,456,raw,TEST:block7d
0.4,0.5,45,0.4519757383459173,0.4888888888888889,456,raw,TEST:block7d
0.5,0.6000000000000001,37,0.5479298614953962,0.5945945945945946,456,raw,TEST:block7d
0.6000000000000001,0.7000000000000001,32,0.6539587668114156,0.625,456,raw,TEST:block7d
0.7000000000000001,0.8,44,0.7615297703302936,0.7727272727272727,456,raw,TEST:block7d
0.8,0.9,71,0.8502747825388074,0.9154929577464789,456,raw,TEST:block7d
0.9,1.0,68,0.9416008452038829,0.9264705882352942,456,raw,TEST:block7d
0.0,0.1,341,0.06384187944509878,0.04105571847507331,456,platt,TEST:block7d
0.1,0.2,161,0.13726936393245215,0.13043478260869565,456,platt,TEST:block7d
0.2,0.30000000000000004,42,0.23417640614844185,0.3333333333333333,456,platt,TEST:block7d
0.30000000000000004,0.4,34,0.35006633730105957,0.38235294117647056,456,platt,TEST:block7d
0.4,0.5,29,0.44917918056193407,0.6551724137931034,456,platt,TEST:block7d
0.5,0.6000000000000001,23,0.549924931613983,0.6521739130434783,456,platt,TEST:block7d
0.6000000000000001,0.7000000000000001,24,0.6560269838207421,0.5833333333333334,456,platt,TEST:block7d
0.7000000000000001,0.8,32,0.7564919234765519,0.71875,456,platt,TEST:block7d
0.8,0.9,106,0.8549457266081596,0.9150943396226415,456,platt,TEST:block7d
0.9,1.0,48,0.9160587262881071,0.9166666666666666,456,platt,TEST:block7d
0.0,0.1,376,0.05485957799784236,0.0398936170212766,456,isotonic,TEST:block7d
0.1,0.2,59,0.09999999999999998,0.1694915254237288,456,isotonic,TEST:block7d
0.2,0.30000000000000004,120,0.24027693188711213,0.23333333333333334,456,isotonic,TEST:block7d
0.30000000000000004,0.4,0,,,456,isotonic,TEST:block7d
0.4,0.5,48,0.47958584740679316,0.5416666666666666,456,isotonic,TEST:block7d
0.5,0.6000000000000001,17,0.5405405405405406,0.5294117647058824,456,isotonic,TEST:block7d
0.6000000000000001,0.7000000000000001,33,0.6218487394957984,0.6363636363636364,456,isotonic,TEST:block7d
0.7000000000000001,0.8,85,0.7241532386788075,0.8,456,isotonic,TEST:block7d
0.8,0.9,27,0.8088235294117647,1.0,456,isotonic,TEST:block7d
0.9,1.0,75,0.9563691189356842,0.9333333333333333,456,isotonic,TEST:block7d
0.0,0.1,182,0.058951516447393784,0.02197802197802198,456,raw,TEST:block30d
0.1,0.2,166,0.14538003875207325,0.06626506024096386,456,raw,TEST:block30d
0.2,0.30000000000000004,110,0.24785519232158268,0.1,456,raw,TEST:block30d
0.30000000000000004,0.4,52,0.34875871495738714,0.21153846153846154,456,raw,TEST:block30d
0.4,0.5,48,0.4434269415037448,0.2708333333333333,456,raw,TEST:block30d
0.5,0.6000000000000001,30,0.5487119217254658,0.3333333333333333,456,raw,TEST:block30d
0.6000000000000001,0.7000000000000001,51,0.6510694633165712,0.7450980392156863,456,raw,TEST:block30d
0.7000000000000001,0.8,52,0.7541732724684961,0.6730769230769231,456,raw,TEST:block30d
0.8,0.9,60,0.8498994071600329,0.9333333333333333,456,raw,TEST:block30d
0.9,1.0,89,0.9451321753497466,0.9550561797752809,456,raw,TEST:block30d
0.0,0.1,311,0.0655289899669759,0.03858520900321544,456,platt,TEST:block30d
0.1,0.2,152,0.13940756751737382,0.09210526315789473,456,platt,TEST:block30d
0.2,0.30000000000000004,50,0.24638380418844089,0.26,456,platt,TEST:block30d
0.30000000000000004,0.4,36,0.34057759749914723,0.25,456,platt,TEST:block30d
0.4,0.5,23,0.44597448865296646,0.34782608695652173,456,platt,TEST:block30d
0.5,0.6000000000000001,27,0.5583485983464977,0.5185185185185185,456,platt,TEST:block30d
0.6000000000000001,0.7000000000000001,36,0.6573807139429757,0.6944444444444444,456,platt,TEST:block30d
0.7000000000000001,0.8,47,0.7573975153670043,0.7021276595744681,456,platt,TEST:block30d
0.8,0.9,88,0.8577547011170034,0.8977272727272727,456,platt,TEST:block30d
0.9,1.0,70,0.9156633022422158,0.9571428571428572,456,platt,TEST:block30d
0.0,0.1,345,0.05842492710379196,0.043478260869565216,456,isotonic,TEST:block30d
0.1,0.2,47,0.09999999999999995,0.10638297872340426,456,isotonic,TEST:block30d
0.2,0.30000000000000004,135,0.2438545625265811,0.17037037037037037,456,isotonic,TEST:block30d
0.30000000000000004,0.4,0,,,456,isotonic,TEST:block30d
0.4,0.5,43,0.4791768996871688,0.2558139534883721,456,isotonic,TEST:block30d
0.5,0.6000000000000001,12,0.5405405405405405,0.4166666666666667,456,isotonic,TEST:block30d
0.6000000000000001,0.7000000000000001,52,0.6215278213405389,0.6923076923076923,456,isotonic,TEST:block30d
0.7000000000000001,0.8,85,0.717832560868321,0.7647058823529411,456,isotonic,TEST:block30d
0.8,0.9,24,0.8117112167481927,0.875,456,isotonic,TEST:block30d
0.9,1.0,97,0.9598727371380653,0.9587628865979382,456,isotonic,TEST:block30d
0.0,0.1,0,,,456,raw,TEST:netblock30d
0.1,0.2,588,0.16727803004576083,0.20068027210884354,456,raw,TEST:netblock30d
0.2,0.30000000000000004,252,0.23060662731220197,0.38095238095238093,456,raw,TEST:netblock30d
0.30000000000000004,0.4,0,,,456,raw,TEST:netblock30d
0.4,0.5,0,,,456,raw,TEST:netblock30d
0.5,0.6000000000000001,0,,,456,raw,TEST:netblock30d
0.6000000000000001,0.7000000000000001,0,,,456,raw,TEST:netblock30d
0.7000000000000001,0.8,0,,,456,raw,TEST:netblock30d
0.8,0.9,0,,,456,raw,TEST:netblock30d
0.9,1.0,0,,,456,raw,TEST:netblock30d
0.0,0.1,404,0.09138843712848801,0.19554455445544555,456,platt,TEST:netblock30d
0.1,0.2,436,0.12462030472446178,0.30963302752293576,456,platt,TEST:netblock30d
0.2,0.30000000000000004,0,,,456,platt,TEST:netblock30d
0.30000000000000004,0.4,0,,,456,platt,TEST:netblock30d
0.4,0.5,0,,,456,platt,TEST:netblock30d
0.5,0.6000000000000001,0,,,456,platt,TEST:netblock30d
0.6000000000000001,0.7000000000000001,0,,,456,platt,TEST:netblock30d
0.7000000000000001,0.8,0,,,456,platt,TEST:netblock30d
0.8,0.9,0,,,456,platt,TEST:netblock30d
0.9,1.0,0,,,456,platt,TEST:netblock30d
0.0,0.1,496,0.08232109751575825,0.19556451612903225,456,isotonic,TEST:netblock30d
0.1,0.2,252,0.09999999999999999,0.2857142857142857,456,isotonic,TEST:netblock30d
0.2,0.30000000000000004,92,0.20740740740740748,0.4891304347826087,456,isotonic,TEST:netblock30d
0.30000000000000004,0.4,0,,,456,isotonic,TEST:netblock30d
0.4,0.5,0,,,456,isotonic,TEST:netblock30d
0.5,0.6000000000000001,0,,,456,isotonic,TEST:netblock30d
0.6000000000000001,0.7000000000000001,0,,,456,isotonic,TEST:netblock30d
0.7000000000000001,0.8,0,,,456,isotonic,TEST:netblock30d
0.8,0.9,0,,,456,isotonic,TEST:netblock30d
0.9,1.0,0,,,456,isotonic,TEST:netblock30d
0.0,0.1,117,0.04607329125608549,0.017094017094017096,456,raw,TEST:mar_meteo
0.1,0.2,76,0.14874375036162285,0.09210526315789473,456,raw,TEST:mar_meteo
0.2,0.30000000000000004,49,0.2547164788880132,0.12244897959183673,456,raw,TEST:mar_meteo
0.30000000000000004,0.4,28,0.3339879163050128,0.25,456,raw,TEST:mar_meteo
0.4,0.5,20,0.4515596218744381,0.2,456,raw,TEST:mar_meteo
0.5,0.6000000000000001,13,0.5581768094754388,0.46153846153846156,456,raw,TEST:mar_meteo
0.6000000000000001,0.7000000000000001,16,0.646037427696823,0.625,456,raw,TEST:mar_meteo
0.7000000000000001,0.8,20,0.757680161180592,0.9,456,raw,TEST:mar_meteo
0.8,0.9,36,0.8553617876509031,0.9166666666666666,456,raw,TEST:mar_meteo
0.9,1.0,42,0.9418526783583511,0.9523809523809523,456,raw,TEST:mar_meteo
0.0,0.1,173,0.06069783820816143,0.046242774566473986,456,platt,TEST:mar_meteo
0.1,0.2,78,0.14629785683155064,0.08974358974358974,456,platt,TEST:mar_meteo
0.2,0.30000000000000004,20,0.23977312172213489,0.35,456,platt,TEST:mar_meteo
0.30000000000000004,0.4,15,0.3564607755796556,0.2,456,platt,TEST:mar_meteo
0.4,0.5,8,0.4403384385695994,0.375,456,platt,TEST:mar_meteo
0.5,0.6000000000000001,12,0.547694655807087,0.5,456,platt,TEST:mar_meteo
0.6000000000000001,0.7000000000000001,12,0.647749919562594,0.5833333333333334,456,platt,TEST:mar_meteo
0.7000000000000001,0.8,17,0.7603623432928767,0.8823529411764706,456,platt,TEST:mar_meteo
0.8,0.9,52,0.8627135652888401,0.9230769230769231,456,platt,TEST:mar_meteo
0.9,1.0,30,0.915992496419375,0.9666666666666667,456,platt,TEST:mar_meteo
0.0,0.1,189,0.05011687108371988,0.042328042328042326,456,isotonic,TEST:mar_meteo
0.1,0.2,21,0.10000000000000002,0.09523809523809523,456,isotonic,TEST:mar_meteo
0.2,0.30000000000000004,65,0.23617835023564537,0.18461538461538463,456,isotonic,TEST:mar_meteo
0.30000000000000004,0.4,0,,,456,isotonic,TEST:mar_meteo
0.4,0.5,18,0.47942386831275713,0.3333333333333333,456,isotonic,TEST:mar_meteo
0.5,0.6000000000000001,7,0.5405405405405405,0.42857142857142855,456,isotonic,TEST:mar_meteo
0.6000000000000001,0.7000000000000001,17,0.6218487394957984,0.5294117647058824,456,isotonic,TEST:mar_meteo
0.7000000000000001,0.8,39,0.725941598317463,0.9230769230769231,456,isotonic,TEST:mar_meteo
0.8,0.9,16,0.8103553921568627,0.9375,456,isotonic,TEST:mar_meteo
0.9,1.0,45,0.95970202574353,0.9333333333333333,456,isotonic,TEST:mar_meteo
0.0,0.1,78,0.044400462914824454,0.038461538461538464,456,raw,TEST:mnar_wet
0.1,0.2,63,0.14302528852713484,0.15873015873015872,456,raw,TEST:mnar_wet
0.2,0.30000000000000004,35,0.24905429772897136,0.42857142857142855,456,raw,TEST:mnar_wet
0.30000000000000004,0.4,31,0.3403676728874772,0.4838709677419355,456,raw,TEST:mnar_wet
0.4,0.5,22,0.44984975663229176,0.6818181818181818,456,raw,TEST:mnar_wet
0.5,0.6000000000000001,20,0.5457807197508869,0.7,456,raw,TEST:mnar_wet
0.6000000000000001,0.7000000000000001,19,0.6411256500943858,0.9473684210526315,456,raw,TEST:mnar_wet
0.7000000000000001,0.8,29,0.7533818342450602,0.8620689655172413,456,raw,TEST:mnar_wet
0.8,0.9,33,0.8453816160516062,0.9393939393939394,456,raw,TEST:mnar_wet
0.9,1.0,87,0.9470727692645898,0.9885057471264368,456,raw,TEST:mnar_wet
0.0,0.1,132,0.06318008928540945,0.09090909090909091,456,platt,TEST:mnar_wet
0.1,0.2,52,0.14897743632143062,0.38461538461538464,456,platt,TEST:mnar_wet
0.2,0.30000000000000004,23,0.2429449576665004,0.4782608695652174,456,platt,TEST:mnar_wet
0.30000000000000004,0.4,18,0.3488998400272823,0.6666666666666666,456,platt,TEST:mnar_wet
0.4,0.5,13,0.4513106597861039,0.6923076923076923,456,platt,TEST:mnar_wet
0.5,0.6000000000000001,15,0.5419904469138666,0.8,456,platt,TEST:mnar_wet
0.6000000000000001,0.7000000000000001,15,0.6442751811103411,0.9333333333333333,456,platt,TEST:mnar_wet
0.7000000000000001,0.8,24,0.7614199725579863,0.9166666666666666,456,platt,TEST:mnar_wet
0.8,0.9,61,0.8638273633290999,0.9344262295081968,456,platt,TEST:mnar_wet
0.9,1.0,64,0.9180536679316087,0.984375,456,platt,TEST:mnar_wet
0.0,0.1,138,0.05290591046049895,0.08695652173913043,456,isotonic,TEST:mnar_wet
0.1,0.2,20,0.10000000000000002,0.5,456,isotonic,TEST:mnar_wet
0.2,0.30000000000000004,55,0.24782607330242243,0.4727272727272727,456,isotonic,TEST:mnar_wet
0.30000000000000004,0.4,0,,,456,isotonic,TEST:mnar_wet
0.4,0.5,23,0.4796411318150447,0.6086956521739131,456,isotonic,TEST:mnar_wet
0.5,0.6000000000000001,11,0.5405405405405405,0.7272727272727273,456,isotonic,TEST:mnar_wet
0.6000000000000001,0.7000000000000001,21,0.6218487394957983,0.9523809523809523,456,isotonic,TEST:mnar_wet
0.7000000000000001,0.8,47,0.7200031276917881,0.9148936170212766,456,isotonic,TEST:mnar_wet
0.8,0.9,13,0.8088235294117646,0.9230769230769231,456,isotonic,TEST:mnar_wet
0.9,1.0,89,0.9666326183180116,0.9775280898876404,456,isotonic,TEST:mnar_wet
0.0,0.1,66,0.04601584387387419,0.030303030303030304,456,raw,TEST:mnar_intensity_moderate
0.1,0.2,60,0.1473340327390045,0.15,456,raw,TEST:mnar_intensity_moderate
0.2,0.30000000000000004,35,0.2425011360181284,0.05714285714285714,456,raw,TEST:mnar_intensity_moderate
0.30000000000000004,0.4,21,0.35455857315706707,0.47619047619047616,456,raw,TEST:mnar_intensity_moderate
0.4,0.5,18,0.4506498767596763,0.6111111111111112,456,raw,TEST:mnar_intensity_moderate
0.5,0.6000000000000001,15,0.5571819568977359,0.5333333333333333,456,raw,TEST:mnar_intensity_moderate
0.6000000000000001,0.7000000000000001,19,0.6532975037684601,0.7894736842105263,456,raw,TEST:mnar_intensity_moderate
0.7000000000000001,0.8,32,0.7534034931788888,0.84375,456,raw,TEST:mnar_intensity_moderate
0.8,0.9,41,0.8525501913825513,0.975609756097561,456,raw,TEST:mnar_intensity_moderate
0.9,1.0,110,0.9497971057211013,1.0,456,raw,TEST:mnar_intensity_moderate
0.0,0.1,110,0.06298342206900669,0.07272727272727272,456,platt,TEST:mnar_intensity_moderate
0.1,0.2,52,0.13302427600848588,0.09615384615384616,456,platt,TEST:mnar_intensity_moderate
0.2,0.30000000000000004,20,0.24749733690809314,0.5,456,platt,TEST:mnar_intensity_moderate
0.30000000000000004,0.4,16,0.3558262153859753,0.5625,456,platt,TEST:mnar_intensity_moderate
0.4,0.5,8,0.46106679503603987,0.75,456,platt,TEST:mnar_intensity_moderate
0.5,0.6000000000000001,11,0.5490408101735622,0.5454545454545454,456,platt,TEST:mnar_intensity_moderate
0.6000000000000001,0.7000000000000001,15,0.6502002486941555,0.7333333333333333,456,platt,TEST:mnar_intensity_moderate
0.7000000000000001,0.8,29,0.7583336897479332,0.8275862068965517,456,platt,TEST:mnar_intensity_moderate
0.8,0.9,73,0.8666157796647176,0.9863013698630136,456,platt,TEST:mnar_intensity_moderate
0.9,1.0,83,0.9193169307267675,1.0,456,platt,TEST:mnar_intensity_moderate
0.0,0.1,123,0.05480916902833999,0.08943089430894309,456,isotonic,TEST:mnar_intensity_moderate
0.1,0.2,19,0.10000000000000002,0.0,456,isotonic,TEST:mnar_intensity_moderate
0.2,0.30000000000000004,44,0.24913497623357725,0.3181818181818182,456,isotonic,TEST:mnar_intensity_moderate
0.30000000000000004,0.4,0,,,456,isotonic,TEST:mnar_intensity_moderate
0.4,0.5,17,0.47930283224400866,0.5882352941176471,456,isotonic,TEST:mnar_intensity_moderate
0.5,0.6000000000000001,8,0.5405405405405406,0.625,456,isotonic,TEST:mnar_intensity_moderate
0.6000000000000001,0.7000000000000001,21,0.6218487394957983,0.7142857142857143,456,isotonic,TEST:mnar_intensity_moderate
0.7000000000000001,0.8,55,0.7238723529457495,0.9090909090909091,456,isotonic,TEST:mnar_intensity_moderate
0.8,0.9,14,0.8105742296918768,0.9285714285714286,456,isotonic,TEST:mnar_intensity_moderate
0.9,1.0,116,0.9669417869953327,1.0,456,isotonic,TEST:mnar_intensity_moderate
0.0,0.1,39,0.04839498505767102,0.05128205128205128,456,raw,TEST:mnar_intensity_severe
0.1,0.2,25,0.14567042256478943,0.36,456,raw,TEST:mnar_intensity_severe
0.2,0.30000000000000004,26,0.25049913713905025,0.2692307692307692,456,raw,TEST:mnar_intensity_severe
0.30000000000000004,0.4,17,0.3491182124789768,0.7647058823529411,456,raw,TEST:mnar_intensity_severe
0.4,0.5,24,0.4549145742637553,0.9583333333333334,456,raw,TEST:mnar_intensity_severe
0.5,0.6000000000000001,32,0.5582062733160891,0.90625,456,raw,TEST:mnar_intensity_severe
0.6000000000000001,0.7000000000000001,37,0.6513933807721137,0.9459459459459459,456,raw,TEST:mnar_intensity_severe
0.7000000000000001,0.8,32,0.7469264570676821,1.0,456,raw,TEST:mnar_intensity_severe
0.8,0.9,75,0.8556412211174638,0.9733333333333334,456,raw,TEST:mnar_intensity_severe
0.9,1.0,110,0.9489519711741117,1.0,456,raw,TEST:mnar_intensity_severe
0.0,0.1,58,0.060922911479795276,0.13793103448275862,456,platt,TEST:mnar_intensity_severe
0.1,0.2,35,0.146371030006012,0.34285714285714286,456,platt,TEST:mnar_intensity_severe
0.2,0.30000000000000004,15,0.2519510304287714,0.8,456,platt,TEST:mnar_intensity_severe
0.30000000000000004,0.4,18,0.3584284560660749,0.9444444444444444,456,platt,TEST:mnar_intensity_severe
0.4,0.5,16,0.45199069121431923,0.9375,456,platt,TEST:mnar_intensity_severe
0.5,0.6000000000000001,27,0.5523519978271725,0.8888888888888888,456,platt,TEST:mnar_intensity_severe
0.6000000000000001,0.7000000000000001,28,0.6528211824681378,0.9642857142857143,456,platt,TEST:mnar_intensity_severe
0.7000000000000001,0.8,33,0.7538001345351134,1.0,456,platt,TEST:mnar_intensity_severe
0.8,0.9,93,0.863615578586199,0.978494623655914,456,platt,TEST:mnar_intensity_severe
0.9,1.0,94,0.9161737320242935,1.0,456,platt,TEST:mnar_intensity_severe
0.0,0.1,63,0.05176478935023437,0.1746031746031746,456,isotonic,TEST:mnar_intensity_severe
0.1,0.2,10,0.1,0.1,456,isotonic,TEST:mnar_intensity_severe
0.2,0.30000000000000004,39,0.2434508681455162,0.6153846153846154,456,isotonic,TEST:mnar_intensity_severe
0.30000000000000004,0.4,0,,,456,isotonic,TEST:mnar_intensity_severe
0.4,0.5,27,0.4799137762100725,0.9259259259259259,456,isotonic,TEST:mnar_intensity_severe
0.5,0.6000000000000001,18,0.5405405405405406,0.9444444444444444,456,isotonic,TEST:mnar_intensity_severe
0.6000000000000001,0.7000000000000001,38,0.6238675196195078,0.9210526315789473,456,isotonic,TEST:mnar_intensity_severe
0.7000000000000001,0.8,72,0.7274671069664367,0.9722222222222222,456,isotonic,TEST:mnar_intensity_severe
0.8,0.9,30,0.8088235294117647,1.0,456,isotonic,TEST:mnar_intensity_severe
0.9,1.0,120,0.9647074629632731,1.0,456,isotonic,TEST:mnar_intensity_severe
