method,scenario,n_seeds,n_evaluated,freq_gt_mean,freq_gt_std,freq_pred_mean,freq_pred_std,signed_frequency_bias_mean,signed_frequency_bias_std,precision_mean,precision_std,recall_mean,recall_std,f1_mean,f1_std,csi_mean,csi_std,rmse_mean,rmse_std,mae_mean,mae_std,rmse_wet_mean,rmse_wet_std,mae_wet_mean,mae_wet_std,mae_p95_mean,mae_p95_std,rmse_p95_mean,rmse_p95_std
AmountRF_DLPIF,10pct,3,416,0.3389,0.0,0.3766,0.0132,0.0377,0.0133,0.7663,0.0143,0.8511,0.0142,0.8063,0.0016,0.6755,0.0024,3.2965,0.0281,1.4184,0.0371,5.4031,0.0333,3.4314,0.0453,14.4933,0.1168,17.5067,0.1629
AmountRF_DLPIF,20pct,3,833,0.3673,0.0,0.3461,0.0132,-0.0212,0.0132,0.7922,0.0129,0.7462,0.0161,0.7683,0.0023,0.6238,0.0031,3.1606,0.0048,1.4342,0.0148,4.8387,0.0223,3.1979,0.0084,12.4967,0.2201,14.86,0.1353
AmountRF_DLPIF,block30d,3,840,0.3262,0.0,0.3595,0.0134,0.0333,0.0134,0.7578,0.0239,0.8345,0.0042,0.7941,0.0114,0.6587,0.0156,3.7531,0.0405,1.6406,0.0336,6.0762,0.0179,3.9497,0.0191,18.6933,0.115,20.36,0.0889
AmountRF_DLPIF,block7d,3,840,0.3262,0.0,0.3289,0.0133,0.0028,0.0133,0.7892,0.0136,0.7956,0.0189,0.7922,0.0042,0.6559,0.0058,2.9792,0.0123,1.3079,0.0154,4.8918,0.0183,3.289,0.0055,13.5767,0.1858,15.52,0.2042
DirectTwoStageRF,10pct,3,416,0.3389,0.0,0.3766,0.0132,0.0377,0.0133,0.7663,0.0143,0.8511,0.0142,0.8063,0.0016,0.6755,0.0024,3.2965,0.0281,1.4184,0.0371,5.4031,0.0333,3.4314,0.0453,14.4933,0.1168,17.5067,0.1629
DirectTwoStageRF,20pct,3,833,0.3673,0.0,0.3461,0.0132,-0.0212,0.0132,0.7922,0.0129,0.7462,0.0161,0.7683,0.0023,0.6238,0.0031,3.1606,0.0048,1.4342,0.0148,4.8387,0.0223,3.1979,0.0084,12.4967,0.2201,14.86,0.1353
DirectTwoStageRF,block30d,3,840,0.3262,0.0,0.3595,0.0134,0.0333,0.0134,0.7578,0.0239,0.8345,0.0042,0.7941,0.0114,0.6587,0.0156,3.7531,0.0405,1.6406,0.0336,6.0762,0.0179,3.9497,0.0191,18.6933,0.115,20.36,0.0889
DirectTwoStageRF,block7d,3,840,0.3262,0.0,0.3289,0.0133,0.0028,0.0133,0.7892,0.0136,0.7956,0.0189,0.7922,0.0042,0.6559,0.0058,2.9792,0.0123,1.3079,0.0154,4.8918,0.0183,3.289,0.0055,13.5767,0.1858,15.52,0.2042
DirectTwoStageRF,netblock30d,3,840,0.2548,0.0,0.0,0.0,-0.2548,0.0,0.0,0.0,0.0,0.0,0.0,0.0,0.0,0.0,3.2346,0.0,1.065,0.0,6.4085,0.0,4.1804,0.0,23.33,0.0,23.68,0.0
KNN,10pct,1,416,0.3389,,0.5529,,0.2139,,0.5304,,0.8652,,0.6577,,0.49,,4.4537,,1.9656,,6.9161,,4.1,,21.61,,23.37,
KNN,20pct,1,833,0.3673,,0.497,,0.1297,,0.5797,,0.7843,,0.6667,,0.5,,3.777,,1.8139,,5.6506,,3.6452,,17.04,,17.92,
KNN,block30d,1,840,0.3262,,0.4964,,0.1702,,0.542,,0.8248,,0.6541,,0.486,,4.1946,,1.8377,,6.9445,,4.3353,,21.07,,22.9,
KNN,block7d,1,840,0.3262,,0.5048,,0.1786,,0.5189,,0.8029,,0.6304,,0.4603,,3.9217,,1.7813,,6.2075,,3.8305,,20.54,,22.35,
KNN,netblock30d,1,840,0.2548,,1.0,,0.7452,,0.2548,,1.0,,0.4061,,0.2548,,3.0955,,2.0651,,5.5148,,3.5168,,21.76,,22.13,
Linear,10pct,1,416,0.3389,,0.4952,,0.1562,,0.568,,0.8298,,0.6744,,0.5087,,4.3383,,1.8543,,6.9221,,4.1344,,23.2,,24.55,
Linear,20pct,1,833,0.3673,,0.509,,0.1417,,0.5849,,0.8105,,0.6795,,0.5145,,4.5852,,2.0239,,6.9678,,4.2306,,18.69,,19.18,
Linear,block30d,1,840,0.3262,,0.425,,0.0988,,0.3641,,0.4745,,0.412,,0.2595,,5.8614,,2.8695,,8.6004,,5.4383,,26.64,,27.58,
Linear,block7d,1,840,0.3262,,0.3869,,0.0607,,0.4862,,0.5766,,0.5275,,0.3583,,4.8991,,2.3271,,7.4242,,4.8759,,21.99,,23.55,
Linear,netblock30d,1,840,0.2548,,0.3631,,0.1083,,0.4426,,0.6308,,0.5202,,0.3516,,3.1352,,1.4288,,5.5954,,3.7356,,21.73,,22.44,
MICE,10pct,1,416,0.3389,,0.7356,,0.3966,,0.4412,,0.9574,,0.604,,0.4327,,4.1639,,2.1283,,6.4634,,4.0912,,20.53,,22.12,
MICE,20pct,1,833,0.3673,,0.7347,,0.3673,,0.469,,0.9379,,0.6253,,0.4548,,3.6063,,1.8684,,5.4377,,3.5405,,15.74,,16.94,
MICE,block30d,1,840,0.3262,,0.7536,,0.4274,,0.4076,,0.9416,,0.5689,,0.3975,,4.1277,,2.0188,,6.7038,,4.236,,20.38,,22.27,
MICE,block7d,1,840,0.3262,,0.7036,,0.3774,,0.4298,,0.927,,0.5873,,0.4157,,3.8032,,1.9436,,5.9583,,3.8171,,18.82,,21.41,
MICE,netblock30d,1,840,0.2548,,1.0,,0.7452,,0.2548,,1.0,,0.4061,,0.2548,,3.1144,,1.3151,,6.1208,,3.8283,,22.88,,23.23,
Mean,10pct,1,416,0.3389,,1.0,,0.6611,,0.3389,,1.0,,0.5063,,0.3389,,4.1948,,2.4136,,6.8492,,4.0251,,23.83,,24.83,
Mean,20pct,1,833,0.3673,,1.0,,0.6327,,0.3673,,1.0,,0.5373,,0.3673,,3.8511,,2.3028,,6.0006,,3.55,,21.75,,22.09,
Mean,block30d,1,840,0.3262,,1.0,,0.6738,,0.3262,,1.0,,0.4919,,0.3262,,4.6348,,2.4924,,7.783,,4.3662,,26.65,,27.58,
Mean,block7d,1,840,0.3262,,1.0,,0.6738,,0.3262,,1.0,,0.4919,,0.3262,,4.0712,,2.3492,,6.7464,,3.9236,,24.89,,25.85,
Mean,netblock30d,1,840,0.2548,,1.0,,0.7452,,0.2548,,1.0,,0.4061,,0.2548,,3.1073,,2.0722,,5.5203,,3.5136,,21.68,,22.07,
MissingnessIndicatorRF,10pct,3,416,0.3389,0.0,0.3822,0.022,0.0433,0.0221,0.7638,0.0191,0.8605,0.0286,0.8088,0.0025,0.6791,0.0036,3.3081,0.016,1.4336,0.0347,5.4113,0.0295,3.4484,0.0279,14.5233,0.0551,17.5467,0.1457
MissingnessIndicatorRF,20pct,3,833,0.3673,0.0,0.3553,0.0216,-0.012,0.0216,0.7867,0.0165,0.7603,0.0309,0.7728,0.0086,0.6298,0.0113,3.1605,0.0035,1.4477,0.0281,4.8318,0.008,3.2114,0.0293,12.5067,0.1155,14.8633,0.0681
MissingnessIndicatorRF,block30d,3,840,0.3262,0.0,0.3631,0.0156,0.0369,0.0156,0.7547,0.0198,0.8394,0.0146,0.7945,0.0047,0.6592,0.0065,3.722,0.0159,1.6256,0.0258,6.0757,0.0103,3.9368,0.0093,18.7167,0.1193,20.3767,0.0709
MissingnessIndicatorRF,block7d,3,840,0.3262,0.0,0.3313,0.0162,0.0052,0.0162,0.7848,0.0122,0.7968,0.0269,0.7904,0.0073,0.6536,0.01,2.983,0.014,1.3126,0.0281,4.895,0.0349,3.2879,0.0341,13.5267,0.2173,15.49,0.2152
MissingnessIndicatorRF,netblock30d,3,840,0.2548,0.0,0.0,0.0,-0.2548,0.0,0.0,0.0,0.0,0.0,0.0,0.0,0.0,0.0,3.2346,0.0,1.065,0.0,6.4085,0.0,4.1804,0.0,23.33,0.0,23.68,0.0
SAITS,10pct,3,416,0.3389,0.0,0.399,0.0563,0.0601,0.0563,0.6458,0.0344,0.7565,0.0644,0.6946,0.0085,0.5322,0.0099,4.24,0.0337,1.4892,0.0105,7.2722,0.0605,4.1624,0.0519,24.81,0.1375,25.7733,0.1193
SAITS,20pct,3,833,0.3673,0.0,0.3461,0.0475,-0.0212,0.0474,0.6991,0.0477,0.6547,0.0441,0.6741,0.0095,0.5085,0.0109,3.8748,0.0215,1.4174,0.0088,6.3861,0.0373,3.6992,0.029,22.5167,0.1305,22.8333,0.1301
SAITS,block30d,3,840,0.3262,0.0,0.2964,0.0661,-0.0298,0.0661,0.6531,0.0261,0.59,0.1056,0.6152,0.0428,0.4452,0.0455,4.7487,0.0178,1.6018,0.0054,8.3086,0.0316,4.7291,0.0324,27.69,0.0624,28.5933,0.0666
SAITS,block7d,3,840,0.3262,0.0,0.3294,0.0545,0.0032,0.0545,0.6231,0.0162,0.6289,0.1033,0.6233,0.0496,0.454,0.0534,4.1443,0.0262,1.4379,0.0025,7.2479,0.0476,4.1932,0.0534,25.8367,0.0808,26.81,0.0608
SAITS,netblock30d,3,840,0.2548,0.0,0.3135,0.2959,0.0587,0.2958,0.4378,0.1843,0.405,0.3358,0.3067,0.1834,0.1899,0.1214,3.2061,0.0204,1.0973,0.0233,6.3495,0.0425,4.0894,0.0578,23.28,0.0361,23.63,0.0265
SingleStageRF,10pct,3,416,0.3389,0.0,0.629,0.0073,0.2901,0.0073,0.5249,0.0041,0.974,0.0041,0.6821,0.0026,0.5176,0.003,3.2077,0.0162,1.3849,0.0118,5.336,0.0297,3.2342,0.0363,14.7933,0.1097,17.9,0.0265
SingleStageRF,20pct,3,833,0.3673,0.0,0.6627,0.0073,0.2953,0.0073,0.5121,0.0038,0.9237,0.0083,0.6589,0.0039,0.4913,0.0043,2.9903,0.0179,1.3879,0.0089,4.6638,0.0231,2.9322,0.0185,12.29,0.1411,14.5867,0.085
SingleStageRF,block30d,3,840,0.3262,0.0,0.6746,0.0101,0.3484,0.0101,0.4642,0.0075,0.9599,0.0037,0.6258,0.0072,0.4554,0.0076,3.6973,0.0056,1.6075,0.0035,6.1025,0.0125,3.7242,0.0058,19.3867,0.1115,21.1933,0.0971
SingleStageRF,block7d,3,840,0.3262,0.0,0.6317,0.0049,0.3055,0.0049,0.4931,0.0047,0.955,0.0021,0.6504,0.0045,0.4819,0.005,2.9358,0.0133,1.3023,0.0045,4.8878,0.0284,3.1072,0.0085,14.3933,0.1986,16.3133,0.1877
SingleStageRF,netblock30d,3,840,0.2548,0.0,1.0,0.0,0.7452,0.0,0.2548,0.0,1.0,0.0,0.4061,0.0,0.2548,0.0,3.0142,0.0042,1.3899,0.0051,5.8401,0.0164,3.6991,0.0013,22.23,0.0557,22.6867,0.0404
WGANGP_PrecipFix,10pct,3,416,0.3389,0.0,0.2965,0.051,-0.0425,0.051,0.4421,0.0591,0.3924,0.1221,0.4137,0.0935,0.2638,0.077,4.4112,0.0539,1.5796,0.0132,7.567,0.1009,4.493,0.0789,25.3767,0.1365,26.2733,0.1201
WGANGP_PrecipFix,20pct,3,833,0.3673,0.0,0.2641,0.0447,-0.1032,0.0447,0.4762,0.0574,0.3377,0.0208,0.3931,0.0039,0.2446,0.003,4.0773,0.0186,1.5375,0.0189,6.7097,0.0376,4.0001,0.0088,23.0033,0.105,23.3333,0.1007
WGANGP_PrecipFix,block30d,3,840,0.3262,0.0,0.2266,0.0471,-0.0996,0.0471,0.3856,0.0598,0.2628,0.0228,0.3106,0.0227,0.184,0.016,4.8659,0.0164,1.6788,0.0173,8.5111,0.0293,4.9635,0.008,28.0333,0.0651,28.9167,0.0874
WGANGP_PrecipFix,block7d,3,840,0.3262,0.0,0.2484,0.0531,-0.0778,0.053,0.4159,0.0704,0.3102,0.0352,0.3524,0.0269,0.2141,0.0196,4.2628,0.0117,1.5043,0.0237,7.4546,0.0173,4.4204,0.0029,26.15,0.0624,27.1067,0.0702
WGANGP_raw,10pct,3,416,0.3389,0.0,0.9992,0.0014,0.6603,0.0014,0.3392,0.0005,1.0,0.0,0.5066,0.0005,0.3392,0.0005,4.1825,0.0084,2.0977,0.2201,6.9429,0.0814,4.0458,0.0336,24.15,0.167,25.06,0.2152
WGANGP_raw,20pct,3,833,0.3673,0.0,0.9972,0.0048,0.6299,0.0049,0.3667,0.001,0.9956,0.0076,0.5361,0.0021,0.3662,0.002,3.8644,0.0235,2.0107,0.2459,6.1386,0.1272,3.6096,0.0419,21.7633,0.2309,22.1533,0.2139
WGANGP_raw,block30d,3,840,0.3262,0.0,0.9806,0.0337,0.6544,0.0337,0.3312,0.0087,0.9951,0.0084,0.4969,0.0087,0.3307,0.0077,4.6567,0.021,2.1797,0.3042,7.9414,0.1555,4.4676,0.0864,26.8933,0.245,27.83,0.1931
WGANGP_raw,block7d,3,840,0.3262,0.0,0.9972,0.0048,0.671,0.0048,0.3263,0.0002,0.9976,0.0042,0.4917,0.0003,0.326,0.0003,4.0604,0.0154,2.0065,0.2798,6.878,0.1663,3.9754,0.0547,25.0,0.3041,26.05,0.2402
