method,scenario,seed,n_evaluated,freq_gt,freq_pred,signed_frequency_bias,precision,recall,f1,csi,rmse,mae,rmse_wet,mae_wet,mae_p95,rmse_p95,tp,fp,fn,tn,source_prediction_file
AmountRF_DLPIF,10pct,123,416,0.3389,0.3894,0.0505,0.7531,0.8652,0.8053,0.674,3.3279,1.4607,5.4211,3.4703,14.47,17.58,122,40,19,235,results/canonical/predictions/AmountRF_DLPIF.csv
AmountRF_DLPIF,10pct,42,416,0.3389,0.363,0.024,0.7815,0.8369,0.8082,0.6782,3.2879,1.3918,5.4236,3.4423,14.62,17.62,118,33,23,242,results/canonical/predictions/AmountRF_DLPIF.csv
AmountRF_DLPIF,10pct,456,416,0.3389,0.3774,0.0385,0.7643,0.8511,0.8054,0.6742,3.2736,1.4026,5.3647,3.3817,14.39,17.32,120,37,21,238,results/canonical/predictions/AmountRF_DLPIF.csv
AmountRF_DLPIF,20pct,123,833,0.3673,0.3613,-0.006,0.7774,0.7647,0.771,0.6273,3.1553,1.4513,4.8135,3.1928,12.49,14.87,234,67,72,460,results/canonical/predictions/AmountRF_DLPIF.csv
AmountRF_DLPIF,20pct,42,833,0.3673,0.3397,-0.0276,0.7986,0.7386,0.7674,0.6226,3.1645,1.4267,4.8466,3.1933,12.72,14.99,226,57,80,470,results/canonical/predictions/AmountRF_DLPIF.csv
AmountRF_DLPIF,20pct,456,833,0.3673,0.3373,-0.03,0.8007,0.7353,0.7666,0.6215,3.162,1.4247,4.8559,3.2076,12.28,14.72,225,56,81,471,results/canonical/predictions/AmountRF_DLPIF.csv
AmountRF_DLPIF,block30d,123,840,0.3262,0.375,0.0488,0.7302,0.8394,0.781,0.6407,3.7868,1.6773,6.0645,3.9287,18.69,20.39,230,85,44,481,results/canonical/predictions/AmountRF_DLPIF.csv
AmountRF_DLPIF,block30d,42,840,0.3262,0.3512,0.025,0.7729,0.8321,0.8014,0.6686,3.7081,1.6113,6.0672,3.9545,18.58,20.26,228,67,46,499,results/canonical/predictions/AmountRF_DLPIF.csv
AmountRF_DLPIF,block30d,456,840,0.3262,0.3524,0.0262,0.7703,0.8321,0.8,0.6667,3.7643,1.6331,6.0968,3.966,18.81,20.43,228,68,46,498,results/canonical/predictions/AmountRF_DLPIF.csv
AmountRF_DLPIF,block7d,123,840,0.3262,0.344,0.0179,0.7751,0.8175,0.7957,0.6608,2.9764,1.3244,4.8824,3.2942,13.79,15.75,224,65,50,501,results/canonical/predictions/AmountRF_DLPIF.csv
AmountRF_DLPIF,block7d,42,840,0.3262,0.3238,-0.0024,0.7904,0.7847,0.7875,0.6495,2.9926,1.3053,4.9129,3.2832,13.45,15.45,215,57,59,509,results/canonical/predictions/AmountRF_DLPIF.csv
AmountRF_DLPIF,block7d,456,840,0.3262,0.319,-0.0071,0.8022,0.7847,0.7934,0.6575,2.9685,1.294,4.8801,3.2896,13.49,15.36,215,53,59,513,results/canonical/predictions/AmountRF_DLPIF.csv
DirectTwoStageRF,10pct,123,416,0.3389,0.3894,0.0505,0.7531,0.8652,0.8053,0.674,3.3279,1.4607,5.4211,3.4703,14.47,17.58,122,40,19,235,results/canonical/predictions/DirectTwoStageRF.csv
DirectTwoStageRF,10pct,42,416,0.3389,0.363,0.024,0.7815,0.8369,0.8082,0.6782,3.2879,1.3918,5.4236,3.4423,14.62,17.62,118,33,23,242,results/canonical/predictions/DirectTwoStageRF.csv
DirectTwoStageRF,10pct,456,416,0.3389,0.3774,0.0385,0.7643,0.8511,0.8054,0.6742,3.2736,1.4026,5.3647,3.3817,14.39,17.32,120,37,21,238,results/canonical/predictions/DirectTwoStageRF.csv
DirectTwoStageRF,20pct,123,833,0.3673,0.3613,-0.006,0.7774,0.7647,0.771,0.6273,3.1553,1.4513,4.8135,3.1928,12.49,14.87,234,67,72,460,results/canonical/predictions/DirectTwoStageRF.csv
DirectTwoStageRF,20pct,42,833,0.3673,0.3397,-0.0276,0.7986,0.7386,0.7674,0.6226,3.1645,1.4267,4.8466,3.1933,12.72,14.99,226,57,80,470,results/canonical/predictions/DirectTwoStageRF.csv
DirectTwoStageRF,20pct,456,833,0.3673,0.3373,-0.03,0.8007,0.7353,0.7666,0.6215,3.162,1.4247,4.8559,3.2076,12.28,14.72,225,56,81,471,results/canonical/predictions/DirectTwoStageRF.csv
DirectTwoStageRF,block30d,123,840,0.3262,0.375,0.0488,0.7302,0.8394,0.781,0.6407,3.7868,1.6773,6.0645,3.9287,18.69,20.39,230,85,44,481,results/canonical/predictions/DirectTwoStageRF.csv
DirectTwoStageRF,block30d,42,840,0.3262,0.3512,0.025,0.7729,0.8321,0.8014,0.6686,3.7081,1.6113,6.0672,3.9545,18.58,20.26,228,67,46,499,results/canonical/predictions/DirectTwoStageRF.csv
DirectTwoStageRF,block30d,456,840,0.3262,0.3524,0.0262,0.7703,0.8321,0.8,0.6667,3.7643,1.6331,6.0968,3.966,18.81,20.43,228,68,46,498,results/canonical/predictions/DirectTwoStageRF.csv
DirectTwoStageRF,block7d,123,840,0.3262,0.344,0.0179,0.7751,0.8175,0.7957,0.6608,2.9764,1.3244,4.8824,3.2942,13.79,15.75,224,65,50,501,results/canonical/predictions/DirectTwoStageRF.csv
DirectTwoStageRF,block7d,42,840,0.3262,0.3238,-0.0024,0.7904,0.7847,0.7875,0.6495,2.9926,1.3053,4.9129,3.2832,13.45,15.45,215,57,59,509,results/canonical/predictions/DirectTwoStageRF.csv
DirectTwoStageRF,block7d,456,840,0.3262,0.319,-0.0071,0.8022,0.7847,0.7934,0.6575,2.9685,1.294,4.8801,3.2896,13.49,15.36,215,53,59,513,results/canonical/predictions/DirectTwoStageRF.csv
DirectTwoStageRF,netblock30d,123,840,0.2548,0.0,-0.2548,0.0,0.0,0.0,0.0,3.2346,1.065,6.4085,4.1804,23.33,23.68,0,0,214,626,results/canonical/predictions/DirectTwoStageRF.csv
DirectTwoStageRF,netblock30d,42,840,0.2548,0.0,-0.2548,0.0,0.0,0.0,0.0,3.2346,1.065,6.4085,4.1804,23.33,23.68,0,0,214,626,results/canonical/predictions/DirectTwoStageRF.csv
DirectTwoStageRF,netblock30d,456,840,0.2548,0.0,-0.2548,0.0,0.0,0.0,0.0,3.2346,1.065,6.4085,4.1804,23.33,23.68,0,0,214,626,results/canonical/predictions/DirectTwoStageRF.csv
KNN,10pct,deterministic,416,0.3389,0.5529,0.2139,0.5304,0.8652,0.6577,0.49,4.4537,1.9656,6.9161,4.1,21.61,23.37,122,108,19,167,results/canonical/predictions/KNN.csv
KNN,20pct,deterministic,833,0.3673,0.497,0.1297,0.5797,0.7843,0.6667,0.5,3.777,1.8139,5.6506,3.6452,17.04,17.92,240,174,66,353,results/canonical/predictions/KNN.csv
KNN,block30d,deterministic,840,0.3262,0.4964,0.1702,0.542,0.8248,0.6541,0.486,4.1946,1.8377,6.9445,4.3353,21.07,22.9,226,191,48,375,results/canonical/predictions/KNN.csv
KNN,block7d,deterministic,840,0.3262,0.5048,0.1786,0.5189,0.8029,0.6304,0.4603,3.9217,1.7813,6.2075,3.8305,20.54,22.35,220,204,54,362,results/canonical/predictions/KNN.csv
KNN,netblock30d,deterministic,840,0.2548,1.0,0.7452,0.2548,1.0,0.4061,0.2548,3.0955,2.0651,5.5148,3.5168,21.76,22.13,214,626,0,0,results/canonical/predictions/KNN.csv
Linear,10pct,deterministic,416,0.3389,0.4952,0.1562,0.568,0.8298,0.6744,0.5087,4.3383,1.8543,6.9221,4.1344,23.2,24.55,117,89,24,186,results/canonical/predictions/Linear.csv
Linear,20pct,deterministic,833,0.3673,0.509,0.1417,0.5849,0.8105,0.6795,0.5145,4.5852,2.0239,6.9678,4.2306,18.69,19.18,248,176,58,351,results/canonical/predictions/Linear.csv
Linear,block30d,deterministic,840,0.3262,0.425,0.0988,0.3641,0.4745,0.412,0.2595,5.8614,2.8695,8.6004,5.4383,26.64,27.58,130,227,144,339,results/canonical/predictions/Linear.csv
Linear,block7d,deterministic,840,0.3262,0.3869,0.0607,0.4862,0.5766,0.5275,0.3583,4.8991,2.3271,7.4242,4.8759,21.99,23.55,158,167,116,399,results/canonical/predictions/Linear.csv
Linear,netblock30d,deterministic,840,0.2548,0.3631,0.1083,0.4426,0.6308,0.5202,0.3516,3.1352,1.4288,5.5954,3.7356,21.73,22.44,135,170,79,456,results/canonical/predictions/Linear.csv
MICE,10pct,deterministic,416,0.3389,0.7356,0.3966,0.4412,0.9574,0.604,0.4327,4.1639,2.1283,6.4634,4.0912,20.53,22.12,135,171,6,104,results/canonical/predictions/MICE.csv
MICE,20pct,deterministic,833,0.3673,0.7347,0.3673,0.469,0.9379,0.6253,0.4548,3.6063,1.8684,5.4377,3.5405,15.74,16.94,287,325,19,202,results/canonical/predictions/MICE.csv
MICE,block30d,deterministic,840,0.3262,0.7536,0.4274,0.4076,0.9416,0.5689,0.3975,4.1277,2.0188,6.7038,4.236,20.38,22.27,258,375,16,191,results/canonical/predictions/MICE.csv
MICE,block7d,deterministic,840,0.3262,0.7036,0.3774,0.4298,0.927,0.5873,0.4157,3.8032,1.9436,5.9583,3.8171,18.82,21.41,254,337,20,229,results/canonical/predictions/MICE.csv
MICE,netblock30d,deterministic,840,0.2548,1.0,0.7452,0.2548,1.0,0.4061,0.2548,3.1144,1.3151,6.1208,3.8283,22.88,23.23,214,626,0,0,results/canonical/predictions/MICE.csv
Mean,10pct,deterministic,416,0.3389,1.0,0.6611,0.3389,1.0,0.5063,0.3389,4.1948,2.4136,6.8492,4.0251,23.83,24.83,141,275,0,0,results/canonical/predictions/Mean.csv
Mean,20pct,deterministic,833,0.3673,1.0,0.6327,0.3673,1.0,0.5373,0.3673,3.8511,2.3028,6.0006,3.55,21.75,22.09,306,527,0,0,results/canonical/predictions/Mean.csv
Mean,block30d,deterministic,840,0.3262,1.0,0.6738,0.3262,1.0,0.4919,0.3262,4.6348,2.4924,7.783,4.3662,26.65,27.58,274,566,0,0,results/canonical/predictions/Mean.csv
Mean,block7d,deterministic,840,0.3262,1.0,0.6738,0.3262,1.0,0.4919,0.3262,4.0712,2.3492,6.7464,3.9236,24.89,25.85,274,566,0,0,results/canonical/predictions/Mean.csv
Mean,netblock30d,deterministic,840,0.2548,1.0,0.7452,0.2548,1.0,0.4061,0.2548,3.1073,2.0722,5.5203,3.5136,21.68,22.07,214,626,0,0,results/canonical/predictions/Mean.csv
MissingnessIndicatorRF,10pct,123,416,0.3389,0.387,0.0481,0.7578,0.8652,0.8079,0.6778,3.3238,1.4499,5.4375,3.4805,14.55,17.65,122,39,19,236,results/canonical/predictions/MissingnessIndicatorRF.csv
MissingnessIndicatorRF,10pct,42,416,0.3389,0.3582,0.0192,0.7852,0.8298,0.8069,0.6763,3.2919,1.3938,5.4171,3.4344,14.56,17.61,117,32,24,243,results/canonical/predictions/MissingnessIndicatorRF.csv
MissingnessIndicatorRF,10pct,456,416,0.3389,0.4014,0.0625,0.7485,0.8865,0.8117,0.6831,3.3087,1.4572,5.3794,3.4302,14.46,17.38,125,42,16,233,results/canonical/predictions/MissingnessIndicatorRF.csv
MissingnessIndicatorRF,20pct,123,833,0.3673,0.3613,-0.006,0.7841,0.7712,0.7776,0.6361,3.1585,1.4541,4.8228,3.2149,12.44,14.84,236,65,70,462,results/canonical/predictions/MissingnessIndicatorRF.csv
MissingnessIndicatorRF,20pct,42,833,0.3673,0.3313,-0.036,0.8043,0.7255,0.7629,0.6167,3.1584,1.417,4.838,3.1806,12.64,14.94,222,54,84,473,results/canonical/predictions/MissingnessIndicatorRF.csv
MissingnessIndicatorRF,20pct,456,833,0.3673,0.3733,0.006,0.7717,0.7843,0.778,0.6366,3.1645,1.472,4.8346,3.2388,12.44,14.81,240,71,66,456,results/canonical/predictions/MissingnessIndicatorRF.csv
MissingnessIndicatorRF,block30d,123,840,0.3262,0.3655,0.0393,0.7492,0.8394,0.7917,0.6553,3.7172,1.6241,6.0658,3.9261,18.68,20.39,230,77,44,489,results/canonical/predictions/MissingnessIndicatorRF.csv
MissingnessIndicatorRF,block30d,42,840,0.3262,0.3464,0.0202,0.7766,0.8248,0.8,0.6667,3.709,1.6006,6.0749,3.9414,18.62,20.3,226,65,48,501,results/canonical/predictions/MissingnessIndicatorRF.csv
MissingnessIndicatorRF,block30d,456,840,0.3262,0.3774,0.0512,0.7382,0.854,0.7919,0.6555,3.7397,1.6521,6.0863,3.9428,18.85,20.44,234,83,40,483,results/canonical/predictions/MissingnessIndicatorRF.csv
MissingnessIndicatorRF,block7d,123,840,0.3262,0.3369,0.0107,0.7809,0.8066,0.7935,0.6577,2.9991,1.3262,4.9237,3.316,13.76,15.7,221,62,53,504,results/canonical/predictions/MissingnessIndicatorRF.csv
MissingnessIndicatorRF,block7d,42,840,0.3262,0.3131,-0.0131,0.7985,0.7664,0.7821,0.6422,2.9766,1.2802,4.9053,3.2499,13.49,15.5,210,53,64,513,results/canonical/predictions/MissingnessIndicatorRF.csv
MissingnessIndicatorRF,block7d,456,840,0.3262,0.344,0.0179,0.7751,0.8175,0.7957,0.6608,2.9734,1.3313,4.8561,3.2978,13.33,15.27,224,65,50,501,results/canonical/predictions/MissingnessIndicatorRF.csv
MissingnessIndicatorRF,netblock30d,123,840,0.2548,0.0,-0.2548,0.0,0.0,0.0,0.0,3.2346,1.065,6.4085,4.1804,23.33,23.68,0,0,214,626,results/canonical/predictions/MissingnessIndicatorRF.csv
MissingnessIndicatorRF,netblock30d,42,840,0.2548,0.0,-0.2548,0.0,0.0,0.0,0.0,3.2346,1.065,6.4085,4.1804,23.33,23.68,0,0,214,626,results/canonical/predictions/MissingnessIndicatorRF.csv
MissingnessIndicatorRF,netblock30d,456,840,0.2548,0.0,-0.2548,0.0,0.0,0.0,0.0,3.2346,1.065,6.4085,4.1804,23.33,23.68,0,0,214,626,results/canonical/predictions/MissingnessIndicatorRF.csv
SAITS,10pct,123,416,0.3389,0.4639,0.125,0.6062,0.8298,0.7006,0.5392,4.2062,1.4991,7.2109,4.1118,24.66,25.64,117,76,24,199,results/canonical/predictions/SAITS.csv
SAITS,10pct,42,416,0.3389,0.3702,0.0312,0.6688,0.7305,0.6983,0.5365,4.2403,1.4782,7.2739,4.16,24.84,25.81,103,51,38,224,results/canonical/predictions/SAITS.csv
SAITS,10pct,456,416,0.3389,0.363,0.024,0.6623,0.7092,0.6849,0.5208,4.2736,1.4902,7.3319,4.2155,24.93,25.87,100,51,41,224,results/canonical/predictions/SAITS.csv
SAITS,20pct,123,833,0.3673,0.3986,0.0312,0.6446,0.6993,0.6708,0.5047,3.8554,1.4276,6.3522,3.6748,22.38,22.7,214,118,92,409,results/canonical/predictions/SAITS.csv
SAITS,20pct,42,833,0.3673,0.3337,-0.0336,0.7194,0.6536,0.6849,0.5208,3.8711,1.4121,6.38,3.6916,22.53,22.84,200,78,106,449,results/canonical/predictions/SAITS.csv
SAITS,20pct,456,833,0.3673,0.3061,-0.0612,0.7333,0.6111,0.6667,0.5,3.898,1.4125,6.426,3.7313,22.64,22.96,187,68,119,459,results/canonical/predictions/SAITS.csv
SAITS,block30d,123,840,0.3262,0.3726,0.0464,0.623,0.7117,0.6644,0.4974,4.7283,1.6045,8.2723,4.6922,27.62,28.52,195,118,79,448,results/canonical/predictions/SAITS.csv
SAITS,block30d,42,840,0.3262,0.2619,-0.0643,0.6682,0.5365,0.5951,0.4236,4.7608,1.6053,8.3295,4.7427,27.74,28.65,147,73,127,493,results/canonical/predictions/SAITS.csv
SAITS,block30d,456,840,0.3262,0.2548,-0.0714,0.6682,0.5219,0.5861,0.4145,4.7571,1.5955,8.3241,4.7525,27.71,28.61,143,71,131,495,results/canonical/predictions/SAITS.csv
SAITS,block7d,123,840,0.3262,0.3917,0.0655,0.6231,0.7482,0.6799,0.5151,4.1182,1.438,7.2,4.1388,25.75,26.74,205,124,69,442,results/canonical/predictions/SAITS.csv
SAITS,block7d,42,840,0.3262,0.306,-0.0202,0.607,0.5693,0.5876,0.416,4.144,1.4354,7.2485,4.1951,25.85,26.84,156,101,118,465,results/canonical/predictions/SAITS.csv
SAITS,block7d,456,840,0.3262,0.2905,-0.0357,0.6393,0.5693,0.6023,0.4309,4.1706,1.4404,7.2952,4.2456,25.91,26.85,156,88,118,478,results/canonical/predictions/SAITS.csv
SAITS,netblock30d,123,840,0.2548,0.6119,0.3571,0.2996,0.7196,0.4231,0.2683,3.1852,1.1186,6.3058,4.0305,23.25,23.61,154,360,60,266,results/canonical/predictions/SAITS.csv
SAITS,netblock30d,42,840,0.2548,0.3083,0.0536,0.3668,0.4439,0.4017,0.2513,3.2072,1.1009,6.3522,4.0917,23.27,23.62,95,164,119,462,results/canonical/predictions/SAITS.csv
SAITS,netblock30d,456,840,0.2548,0.0202,-0.2345,0.6471,0.0514,0.0952,0.05,3.226,1.0725,6.3906,4.146,23.32,23.66,11,6,203,620,results/canonical/predictions/SAITS.csv
SingleStageRF,10pct,123,416,0.3389,0.637,0.2981,0.5208,0.9787,0.6798,0.5149,3.1936,1.3733,5.3126,3.1996,14.73,17.92,138,127,3,148,results/canonical/predictions/SingleStageRF.csv
SingleStageRF,10pct,42,416,0.3389,0.6226,0.2837,0.529,0.9716,0.685,0.5209,3.2254,1.3968,5.3694,3.2719,14.92,17.91,137,122,4,153,results/canonical/predictions/SingleStageRF.csv
SingleStageRF,10pct,456,416,0.3389,0.6274,0.2885,0.5249,0.9716,0.6816,0.517,3.2041,1.3847,5.326,3.231,14.73,17.87,137,124,4,151,results/canonical/predictions/SingleStageRF.csv
SingleStageRF,20pct,123,833,0.3673,0.6711,0.3037,0.5098,0.9314,0.659,0.4914,2.98,1.3792,4.6506,2.9136,12.27,14.59,285,274,21,253,results/canonical/predictions/SingleStageRF.csv
SingleStageRF,20pct,42,833,0.3673,0.6591,0.2917,0.51,0.915,0.655,0.487,3.011,1.397,4.6905,2.9506,12.44,14.67,280,269,26,258,results/canonical/predictions/SingleStageRF.csv
SingleStageRF,20pct,456,833,0.3673,0.6579,0.2905,0.5164,0.9248,0.6628,0.4956,2.98,1.3874,4.6503,2.9323,12.16,14.5,283,265,23,262,results/canonical/predictions/SingleStageRF.csv
SingleStageRF,block30d,123,840,0.3262,0.6821,0.356,0.4572,0.9562,0.6187,0.4479,3.7017,1.6108,6.1048,3.719,19.26,21.11,262,311,12,255,results/canonical/predictions/SingleStageRF.csv
SingleStageRF,block30d,42,840,0.3262,0.6631,0.3369,0.4722,0.9599,0.633,0.463,3.691,1.6079,6.089,3.7304,19.43,21.17,263,294,11,272,results/canonical/predictions/SingleStageRF.csv
SingleStageRF,block30d,456,840,0.3262,0.6786,0.3524,0.4632,0.9635,0.6256,0.4552,3.6993,1.6038,6.1137,3.7233,19.47,21.3,264,306,10,260,results/canonical/predictions/SingleStageRF.csv
SingleStageRF,block7d,123,840,0.3262,0.6333,0.3071,0.4925,0.9562,0.6501,0.4816,2.9471,1.3075,4.9075,3.1167,14.22,16.21,262,270,12,296,results/canonical/predictions/SingleStageRF.csv
SingleStageRF,block7d,42,840,0.3262,0.6357,0.3095,0.4888,0.9526,0.646,0.4771,2.9212,1.3005,4.8552,3.1004,14.35,16.2,261,273,13,293,results/canonical/predictions/SingleStageRF.csv
SingleStageRF,block7d,456,840,0.3262,0.6262,0.3,0.4981,0.9562,0.655,0.487,2.9392,1.299,4.9006,3.1045,14.61,16.53,262,264,12,302,results/canonical/predictions/SingleStageRF.csv
SingleStageRF,netblock30d,123,840,0.2548,1.0,0.7452,0.2548,1.0,0.4061,0.2548,3.019,1.3948,5.8587,3.6979,22.29,22.73,214,626,0,0,results/canonical/predictions/SingleStageRF.csv
SingleStageRF,netblock30d,42,840,0.2548,1.0,0.7452,0.2548,1.0,0.4061,0.2548,3.0123,1.3902,5.8339,3.699,22.22,22.68,214,626,0,0,results/canonical/predictions/SingleStageRF.csv
SingleStageRF,netblock30d,456,840,0.2548,1.0,0.7452,0.2548,1.0,0.4061,0.2548,3.0114,1.3847,5.8277,3.7005,22.18,22.65,214,626,0,0,results/canonical/predictions/SingleStageRF.csv
WGANGP_PrecipFix,10pct,123,416,0.3389,0.3534,0.0144,0.5102,0.5319,0.5208,0.3521,4.3504,1.5646,7.4532,4.4043,25.23,26.15,75,72,66,203,results/canonical/predictions/WGANGP_PrecipFix.csv
WGANGP_PrecipFix,10pct,42,416,0.3389,0.2812,-0.0577,0.4103,0.3404,0.3721,0.2286,4.43,1.5892,7.6022,4.5195,25.4,26.28,48,69,93,206,results/canonical/predictions/WGANGP_PrecipFix.csv
WGANGP_PrecipFix,10pct,456,416,0.3389,0.2548,-0.0841,0.4057,0.305,0.3482,0.2108,4.4531,1.5851,7.6456,4.5552,25.5,26.39,43,63,98,212,results/canonical/predictions/WGANGP_PrecipFix.csv
WGANGP_PrecipFix,20pct,123,833,0.3673,0.2125,-0.1549,0.5424,0.3137,0.3975,0.2481,4.0569,1.5163,6.6691,3.9935,22.9,23.24,96,81,210,446,results/canonical/predictions/WGANGP_PrecipFix.csv
WGANGP_PrecipFix,20pct,42,833,0.3673,0.2905,-0.0768,0.4421,0.3497,0.3905,0.2426,4.0816,1.5526,6.7167,3.9968,23.0,23.32,107,135,199,392,results/canonical/predictions/WGANGP_PrecipFix.csv
WGANGP_PrecipFix,20pct,456,833,0.3673,0.2893,-0.078,0.444,0.3497,0.3912,0.2432,4.0934,1.5436,6.7433,4.0101,23.11,23.44,107,134,199,393,results/canonical/predictions/WGANGP_PrecipFix.csv
WGANGP_PrecipFix,block30d,123,840,0.3262,0.1976,-0.1286,0.4458,0.2701,0.3364,0.2022,4.8471,1.663,8.4775,4.9545,27.97,28.82,74,92,200,474,results/canonical/predictions/WGANGP_PrecipFix.csv
WGANGP_PrecipFix,block30d,42,840,0.3262,0.2012,-0.125,0.3846,0.2372,0.2935,0.172,4.8729,1.6761,8.5247,4.9699,28.03,28.94,65,104,209,462,results/canonical/predictions/WGANGP_PrecipFix.csv
WGANGP_PrecipFix,block30d,456,840,0.3262,0.281,-0.0452,0.3263,0.281,0.302,0.1778,4.8776,1.6972,8.5311,4.9661,28.1,28.99,77,159,197,407,results/canonical/predictions/WGANGP_PrecipFix.csv
WGANGP_PrecipFix,block7d,123,840,0.3262,0.194,-0.1321,0.4969,0.2956,0.3707,0.2275,4.2501,1.4778,7.4364,4.4178,26.1,27.04,81,82,193,484,results/canonical/predictions/WGANGP_PrecipFix.csv
WGANGP_PrecipFix,block7d,42,840,0.3262,0.2512,-0.075,0.3697,0.2847,0.3216,0.1916,4.2652,1.5117,7.4565,4.4198,26.13,27.1,78,133,196,433,results/canonical/predictions/WGANGP_PrecipFix.csv
WGANGP_PrecipFix,block7d,456,840,0.3262,0.3,-0.0262,0.381,0.3504,0.365,0.2233,4.2732,1.5235,7.4708,4.4236,26.22,27.18,96,156,178,410,results/canonical/predictions/WGANGP_PrecipFix.csv
WGANGP_raw,10pct,123,416,0.3389,0.9976,0.6587,0.3398,1.0,0.5072,0.3398,4.1729,1.8446,7.0369,4.0764,24.33,25.28,141,274,0,1,results/canonical/predictions/WGANGP_raw.csv
WGANGP_raw,10pct,42,416,0.3389,1.0,0.6611,0.3389,1.0,0.5063,0.3389,4.1859,2.2039,6.8955,4.0511,24.0,24.85,141,275,0,0,results/canonical/predictions/WGANGP_raw.csv
WGANGP_raw,10pct,456,416,0.3389,1.0,0.6611,0.3389,1.0,0.5063,0.3389,4.1887,2.2445,6.8962,4.0099,24.12,25.05,141,275,0,0,results/canonical/predictions/WGANGP_raw.csv
WGANGP_raw,20pct,123,833,0.3673,0.9916,0.6242,0.3656,0.9869,0.5336,0.3639,3.8706,1.7272,6.2778,3.6476,22.03,22.4,302,524,4,3,results/canonical/predictions/WGANGP_raw.csv
WGANGP_raw,20pct,42,833,0.3673,1.0,0.6327,0.3673,1.0,0.5373,0.3673,3.8841,2.1396,6.1095,3.6165,21.63,22.04,306,527,0,0,results/canonical/predictions/WGANGP_raw.csv
WGANGP_raw,20pct,456,833,0.3673,1.0,0.6327,0.3673,1.0,0.5373,0.3673,3.8384,2.1653,6.0285,3.5647,21.63,22.02,306,527,0,0,results/canonical/predictions/WGANGP_raw.csv
WGANGP_raw,block30d,123,840,0.3262,0.9417,0.6155,0.3413,0.9854,0.507,0.3396,4.6735,1.8339,8.1098,4.5579,27.14,28.0,270,521,4,45,results/canonical/predictions/WGANGP_raw.csv
WGANGP_raw,block30d,42,840,0.3262,1.0,0.6738,0.3262,1.0,0.4919,0.3262,4.6635,2.299,7.9111,4.4593,26.89,27.87,274,566,0,0,results/canonical/predictions/WGANGP_raw.csv
WGANGP_raw,block30d,456,840,0.3262,1.0,0.6738,0.3262,1.0,0.4919,0.3262,4.6331,2.4061,7.8032,4.3856,26.65,27.62,274,566,0,0,results/canonical/predictions/WGANGP_raw.csv
WGANGP_raw,block7d,123,840,0.3262,0.9917,0.6655,0.3265,0.9927,0.4914,0.3257,4.0764,1.687,7.0662,4.0357,25.35,26.32,272,561,2,5,results/canonical/predictions/WGANGP_raw.csv
WGANGP_raw,block7d,42,840,0.3262,1.0,0.6738,0.3262,1.0,0.4919,0.3262,4.0591,2.125,6.8167,3.9615,24.85,25.97,274,566,0,0,results/canonical/predictions/WGANGP_raw.csv
WGANGP_raw,block7d,456,840,0.3262,1.0,0.6738,0.3262,1.0,0.4919,0.3262,4.0457,2.2075,6.751,3.9289,24.8,25.86,274,566,0,0,results/canonical/predictions/WGANGP_raw.csv
