method,scenario,seed,n_evaluated,n_true_dry,false_wet_rate,median_pred_true_dry,mean_pred_true_dry,p95_pred_true_dry,mean_pred_given_false_wet,median_pred_given_false_wet,share_0_0p1,share_0p1_1,share_1_5,share_gt_5
Mean,10pct,deterministic,416,275,1.0,1.5146,1.5873,1.9319,1.5873,1.5146,0.0,0.0,1.0,0.0
Linear,10pct,deterministic,416,275,0.323636,0.0,0.6853,4.08,2.1146,1.3,0.676364,0.149091,0.141818,0.032727
KNN,10pct,deterministic,416,275,0.392727,0.04,0.8712,4.156,2.2006,1.18,0.607273,0.181818,0.170909,0.04
MICE,10pct,deterministic,416,275,0.621818,0.276,1.1219,4.9568,1.7891,1.096,0.378182,0.294545,0.276364,0.050909
SAITS,10pct,123,416,275,0.276364,0.0467,0.1594,0.7031,0.4803,0.3595,0.723636,0.254545,0.021818,0.0
SAITS,10pct,42,416,275,0.185455,0.0202,0.1031,0.5235,0.4704,0.3458,0.814545,0.163636,0.021818,0.0
SAITS,10pct,456,416,275,0.185455,0.0055,0.0929,0.5863,0.454,0.3191,0.814545,0.167273,0.018182,0.0
AmountRF_DLPIF,10pct,123,416,275,0.145455,0.0,0.4303,3.3612,2.9583,2.5791,0.854545,0.010909,0.109091,0.025455
AmountRF_DLPIF,10pct,42,416,275,0.12,0.0,0.3404,2.661,2.8366,2.4309,0.88,0.018182,0.087273,0.014545
AmountRF_DLPIF,10pct,456,416,275,0.134545,0.0,0.3878,3.1802,2.8827,2.5234,0.865455,0.007273,0.112727,0.014545
DirectTwoStageRF,10pct,123,416,275,0.145455,0.0,0.4303,3.3612,2.9583,2.5791,0.854545,0.010909,0.109091,0.025455
DirectTwoStageRF,10pct,42,416,275,0.12,0.0,0.3404,2.661,2.8366,2.4309,0.88,0.018182,0.087273,0.014545
DirectTwoStageRF,10pct,456,416,275,0.134545,0.0,0.3878,3.1802,2.8827,2.5234,0.865455,0.007273,0.112727,0.014545
SingleStageRF,10pct,123,416,275,0.461818,0.0773,0.4369,2.2066,0.9105,0.3794,0.538182,0.309091,0.149091,0.003636
MissingnessIndicatorRF,10pct,123,416,275,0.141818,0.0,0.4087,3.3304,2.8821,2.6378,0.858182,0.014545,0.112727,0.014545
WGANGP_raw,10pct,123,416,275,0.996364,0.528,0.7003,1.5665,0.7026,0.531,0.003636,0.821818,0.170909,0.003636
WGANGP_PrecipFix,10pct,123,416,275,0.261818,0.0,0.1085,0.2657,0.4146,0.2,0.738182,0.236364,0.025455,0.0
SingleStageRF,10pct,42,416,275,0.443636,0.0731,0.4353,2.1113,0.941,0.4115,0.556364,0.283636,0.152727,0.007273
MissingnessIndicatorRF,10pct,42,416,275,0.116364,0.0,0.3476,2.7026,2.9873,2.5133,0.883636,0.014545,0.083636,0.018182
WGANGP_raw,10pct,42,416,275,1.0,0.9684,1.2568,2.3917,1.2568,0.9684,0.0,0.509091,0.490909,0.0
WGANGP_PrecipFix,10pct,42,416,275,0.250909,0.0,0.0868,0.3535,0.3459,0.2,0.749091,0.225455,0.025455,0.0
SingleStageRF,10pct,456,416,275,0.450909,0.0826,0.438,2.2717,0.9324,0.3879,0.549091,0.301818,0.141818,0.007273
MissingnessIndicatorRF,10pct,456,416,275,0.152727,0.0,0.4457,3.2917,2.918,2.5466,0.847273,0.014545,0.112727,0.025455
WGANGP_raw,10pct,456,416,275,1.0,1.4748,1.3393,2.1689,1.3393,1.4748,0.0,0.363636,0.636364,0.0
WGANGP_PrecipFix,10pct,456,416,275,0.229091,0.0,0.0622,0.2,0.2717,0.2,0.770909,0.221818,0.007273,0.0
Mean,20pct,deterministic,833,527,1.0,1.5136,1.5786,1.9319,1.5786,1.5136,0.0,0.0,1.0,0.0
Linear,20pct,deterministic,833,527,0.333966,0.0,0.7425,4.47,2.2205,0.8333,0.666034,0.172676,0.11575,0.045541
KNN,20pct,deterministic,833,527,0.330171,0.0,0.7505,4.548,2.2483,1.16,0.669829,0.149905,0.136622,0.043643
MICE,20pct,deterministic,833,527,0.616698,0.252,0.8975,4.482,1.4393,0.696,0.383302,0.368121,0.206831,0.041746
SAITS,20pct,123,833,527,0.223909,0.0458,0.1227,0.5473,0.4129,0.3034,0.776091,0.210626,0.013283,0.0
SAITS,20pct,42,833,527,0.148008,0.0263,0.0886,0.4795,0.4552,0.327,0.851992,0.134725,0.013283,0.0
SAITS,20pct,456,833,527,0.129032,0.008,0.0661,0.4183,0.4283,0.3041,0.870968,0.121442,0.00759,0.0
AmountRF_DLPIF,20pct,123,833,527,0.127135,0.0,0.44,2.9411,3.461,2.5358,0.872865,0.001898,0.098672,0.026565
AmountRF_DLPIF,20pct,42,833,527,0.108159,0.0,0.401,3.244,3.7071,3.1109,0.891841,0.00759,0.077799,0.02277
AmountRF_DLPIF,20pct,456,833,527,0.106262,0.0,0.3895,2.9771,3.6658,2.9054,0.893738,0.005693,0.075901,0.024668
DirectTwoStageRF,20pct,123,833,527,0.127135,0.0,0.44,2.9411,3.461,2.5358,0.872865,0.001898,0.098672,0.026565
DirectTwoStageRF,20pct,42,833,527,0.108159,0.0,0.401,3.244,3.7071,3.1109,0.891841,0.00759,0.077799,0.02277
DirectTwoStageRF,20pct,456,833,527,0.106262,0.0,0.3895,2.9771,3.6658,2.9054,0.893738,0.005693,0.075901,0.024668
SingleStageRF,20pct,123,833,527,0.519924,0.1104,0.4884,2.3055,0.9075,0.376,0.480076,0.396584,0.111954,0.011385
MissingnessIndicatorRF,20pct,123,833,527,0.12334,0.0,0.4317,2.9188,3.5004,2.584,0.87666,0.001898,0.094877,0.026565
WGANGP_raw,20pct,123,833,527,0.994307,0.479,0.612,1.323,0.6151,0.4811,0.005693,0.891841,0.098672,0.003795
WGANGP_PrecipFix,20pct,123,833,527,0.1537,0.0,0.0778,0.2,0.5065,0.2,0.8463,0.136622,0.01518,0.001898
SingleStageRF,20pct,42,833,527,0.510436,0.1041,0.4949,2.4524,0.9369,0.3749,0.489564,0.381404,0.113852,0.01518
MissingnessIndicatorRF,20pct,42,833,527,0.102467,0.0,0.393,3.1951,3.8358,3.1891,0.897533,0.00759,0.070209,0.024668
WGANGP_raw,20pct,42,833,527,1.0,1.0129,1.282,2.4683,1.282,1.0129,0.0,0.493359,0.504744,0.001898
WGANGP_PrecipFix,20pct,42,833,527,0.256167,0.0,0.1333,0.8,0.5206,0.2,0.743833,0.212524,0.043643,0.0
SingleStageRF,20pct,456,833,527,0.502846,0.101,0.4903,2.4867,0.9416,0.3774,0.497154,0.377609,0.111954,0.013283
MissingnessIndicatorRF,20pct,456,833,527,0.134725,0.0,0.4462,2.9816,3.3118,2.499,0.865275,0.005693,0.106262,0.02277
WGANGP_raw,20pct,456,833,527,1.0,1.4021,1.3528,2.2066,1.3528,1.4021,0.0,0.349146,0.650854,0.0
WGANGP_PrecipFix,20pct,456,833,527,0.254269,0.0,0.1115,0.74,0.4386,0.2,0.745731,0.227704,0.026565,0.0
Mean,block7d,deterministic,840,566,1.0,1.5146,1.5871,1.9319,1.5871,1.5146,0.0,0.0,1.0,0.0
Linear,block7d,deterministic,840,566,0.295053,0.0,1.0932,7.8,3.7009,2.05,0.704947,0.100707,0.118375,0.075972
KNN,block7d,deterministic,840,566,0.360424,0.0,0.7892,4.67,2.1717,1.18,0.639576,0.166078,0.150177,0.04417
MICE,block7d,deterministic,840,566,0.595406,0.23,1.0366,4.794,1.7235,0.904,0.404594,0.312721,0.240283,0.042403
SAITS,block7d,123,840,566,0.219081,0.0443,0.1305,0.683,0.4578,0.3311,0.780919,0.20318,0.015901,0.0
SAITS,block7d,42,840,566,0.178445,0.0275,0.0995,0.5368,0.4408,0.3469,0.821555,0.166078,0.012367,0.0
SAITS,block7d,456,840,566,0.155477,0.0068,0.0825,0.5538,0.4627,0.335,0.844523,0.144876,0.010601,0.0
AmountRF_DLPIF,block7d,123,840,566,0.114841,0.0,0.3708,3.0882,3.2288,2.7799,0.885159,0.0,0.097173,0.017668
AmountRF_DLPIF,block7d,42,840,566,0.100707,0.0,0.3478,2.8327,3.4537,2.8518,0.899293,0.0,0.081272,0.019435
AmountRF_DLPIF,block7d,456,840,566,0.09364,0.0,0.328,2.7733,3.5024,3.0035,0.90636,0.001767,0.072438,0.019435
DirectTwoStageRF,block7d,123,840,566,0.114841,0.0,0.3708,3.0882,3.2288,2.7799,0.885159,0.0,0.097173,0.017668
DirectTwoStageRF,block7d,42,840,566,0.100707,0.0,0.3478,2.8327,3.4537,2.8518,0.899293,0.0,0.081272,0.019435
DirectTwoStageRF,block7d,456,840,566,0.09364,0.0,0.328,2.7733,3.5024,3.0035,0.90636,0.001767,0.072438,0.019435
SingleStageRF,block7d,123,840,566,0.477032,0.0904,0.4317,2.3779,0.8683,0.343,0.522968,0.379859,0.088339,0.008834
MissingnessIndicatorRF,block7d,123,840,566,0.109541,0.0,0.3629,3.129,3.3131,2.9144,0.890459,0.0,0.091873,0.017668
WGANGP_raw,block7d,123,840,566,0.991166,0.4241,0.5499,1.4171,0.554,0.4246,0.008834,0.878092,0.113074,0.0
WGANGP_PrecipFix,block7d,123,840,566,0.144876,0.0,0.0546,0.2,0.3772,0.2,0.855124,0.132509,0.012367,0.0
SingleStageRF,block7d,42,840,566,0.482332,0.086,0.4292,2.2734,0.8549,0.3249,0.517668,0.381625,0.090106,0.010601
MissingnessIndicatorRF,block7d,42,840,566,0.09364,0.0,0.3266,2.7642,3.488,2.9059,0.90636,0.0,0.075972,0.017668
WGANGP_raw,block7d,42,840,566,1.0,1.03,1.2359,2.445,1.2359,1.03,0.0,0.484099,0.515901,0.0
WGANGP_PrecipFix,block7d,42,840,566,0.234982,0.0,0.104,0.8,0.4424,0.2,0.765018,0.206714,0.028269,0.0
SingleStageRF,block7d,456,840,566,0.466431,0.0861,0.425,2.2957,0.8734,0.3591,0.533569,0.362191,0.091873,0.012367
MissingnessIndicatorRF,block7d,456,840,566,0.114841,0.0,0.3793,3.0717,3.3032,2.799,0.885159,0.003534,0.090106,0.021201
WGANGP_raw,block7d,456,840,566,1.0,1.4574,1.3742,2.1814,1.3742,1.4574,0.0,0.349823,0.650177,0.0
WGANGP_PrecipFix,block7d,456,840,566,0.275618,0.0,0.1196,0.6,0.4338,0.2,0.724382,0.249117,0.026502,0.0
Mean,block30d,deterministic,840,566,1.0,1.5146,1.5853,1.9319,1.5853,1.5146,0.0,0.0,1.0,0.0
Linear,block30d,deterministic,840,566,0.40106,0.0258,1.626,10.4919,4.0384,2.2452,0.59894,0.183746,0.072438,0.144876
KNN,block30d,deterministic,840,566,0.337456,0.0,0.6287,3.83,1.8441,1.04,0.662544,0.164311,0.14311,0.030035
MICE,block30d,deterministic,840,566,0.662544,0.324,0.9455,3.999,1.4135,0.676,0.337456,0.402827,0.227915,0.031802
SAITS,block30d,123,840,566,0.208481,0.0455,0.1098,0.5078,0.3785,0.2658,0.791519,0.199647,0.008834,0.0
SAITS,block30d,42,840,566,0.128975,0.0274,0.0865,0.4785,0.4924,0.3664,0.871025,0.118375,0.010601,0.0
SAITS,block30d,456,840,566,0.125442,0.0088,0.0672,0.3871,0.4469,0.3448,0.874558,0.113074,0.012367,0.0
AmountRF_DLPIF,block30d,123,840,566,0.150177,0.0,0.5874,4.2526,3.9113,3.181,0.849823,0.0053,0.107774,0.037102
AmountRF_DLPIF,block30d,42,840,566,0.118375,0.0,0.4769,3.9204,4.0286,3.6607,0.881625,0.0,0.086572,0.031802
AmountRF_DLPIF,block30d,456,840,566,0.120141,0.0,0.5038,4.0297,4.1933,3.6354,0.879859,0.001767,0.083039,0.035336
DirectTwoStageRF,block30d,123,840,566,0.150177,0.0,0.5874,4.2526,3.9113,3.181,0.849823,0.0053,0.107774,0.037102
DirectTwoStageRF,block30d,42,840,566,0.118375,0.0,0.4769,3.9204,4.0286,3.6607,0.881625,0.0,0.086572,0.031802
DirectTwoStageRF,block30d,456,840,566,0.120141,0.0,0.5038,4.0297,4.1933,3.6354,0.879859,0.001767,0.083039,0.035336
SingleStageRF,block30d,123,840,566,0.54947,0.1257,0.5902,3.1273,1.0453,0.3371,0.45053,0.425795,0.10424,0.019435
MissingnessIndicatorRF,block30d,123,840,566,0.136042,0.0,0.5098,4.0255,3.7472,3.1696,0.863958,0.0053,0.097173,0.033569
WGANGP_raw,block30d,123,840,566,0.920495,0.3629,0.5152,1.3379,0.5549,0.3918,0.079505,0.812721,0.106007,0.001767
WGANGP_PrecipFix,block30d,123,840,566,0.162544,0.0,0.0696,0.2,0.4282,0.2,0.837456,0.141343,0.021201,0.0
SingleStageRF,block30d,42,840,566,0.519435,0.109,0.5805,3.037,1.0845,0.3692,0.480565,0.386926,0.113074,0.019435
MissingnessIndicatorRF,block30d,42,840,566,0.114841,0.0,0.4674,3.8763,4.0698,3.7317,0.885159,0.0,0.083039,0.031802
WGANGP_raw,block30d,42,840,566,1.0,1.1274,1.2533,2.4657,1.2533,1.1274,0.0,0.409894,0.590106,0.0
WGANGP_PrecipFix,block30d,42,840,566,0.183746,0.0,0.0815,0.6,0.4437,0.2,0.816254,0.160777,0.022968,0.0
SingleStageRF,block30d,456,840,566,0.540636,0.1192,0.5778,2.8714,1.0401,0.3554,0.459364,0.40636,0.113074,0.021201
MissingnessIndicatorRF,block30d,456,840,566,0.146643,0.0,0.5432,4.2236,3.7042,3.0916,0.853357,0.0053,0.106007,0.035336
WGANGP_raw,block30d,456,840,566,1.0,1.5117,1.4478,2.2439,1.4478,1.5117,0.0,0.245583,0.754417,0.0
WGANGP_PrecipFix,block30d,456,840,566,0.280919,0.0,0.1148,0.7916,0.4087,0.2,0.719081,0.25265,0.028269,0.0
Mean,netblock30d,deterministic,840,626,1.0,1.5136,1.5795,1.9319,1.5795,1.5136,0.0,0.0,1.0,0.0
Linear,netblock30d,deterministic,840,626,0.271565,0.0,0.6401,4.2323,2.3517,2.1984,0.728435,0.092652,0.151757,0.027157
KNN,netblock30d,deterministic,840,626,1.0,1.5689,1.5689,1.5689,1.5689,1.5689,0.0,0.0,1.0,0.0
MICE,netblock30d,deterministic,840,626,1.0,0.456,0.456,0.456,0.456,0.456,0.0,1.0,0.0,0.0
SAITS,netblock30d,123,840,626,0.57508,0.1203,0.1231,0.2452,0.1756,0.1661,0.42492,0.57508,0.0,0.0
SAITS,netblock30d,42,840,626,0.261981,0.0745,0.0785,0.1357,0.1301,0.1222,0.738019,0.261981,0.0,0.0
SAITS,netblock30d,456,840,626,0.009585,0.0135,0.0218,0.0531,0.4889,0.4618,0.990415,0.009585,0.0,0.0
DirectTwoStageRF,netblock30d,123,840,626,0.0,0.0,0.0,0.0,,,1.0,0.0,0.0,0.0
DirectTwoStageRF,netblock30d,42,840,626,0.0,0.0,0.0,0.0,,,1.0,0.0,0.0,0.0
DirectTwoStageRF,netblock30d,456,840,626,0.0,0.0,0.0,0.0,,,1.0,0.0,0.0,0.0
SingleStageRF,netblock30d,123,840,626,1.0,0.5102,0.6075,2.0216,0.6075,0.5102,0.0,0.945687,0.054313,0.0
MissingnessIndicatorRF,netblock30d,123,840,626,0.0,0.0,0.0,0.0,,,1.0,0.0,0.0,0.0
SingleStageRF,netblock30d,42,840,626,1.0,0.4915,0.6009,2.3134,0.6009,0.4915,0.0,0.945687,0.054313,0.0
MissingnessIndicatorRF,netblock30d,42,840,626,0.0,0.0,0.0,0.0,,,1.0,0.0,0.0,0.0
SingleStageRF,netblock30d,456,840,626,1.0,0.4706,0.593,2.4497,0.593,0.4706,0.0,0.945687,0.054313,0.0
MissingnessIndicatorRF,netblock30d,456,840,626,0.0,0.0,0.0,0.0,,,1.0,0.0,0.0,0.0
