scenario,model_seed,n_evaluated,gate_trigger_rate,mean_a_local,mean_a_neighbor,dlpif_f1,dlpif_precision,dlpif_recall,dlpif_csi,dlpif_signed_frequency_bias,dlpif_false_wet_rate,dlpif_rmse_wet,dlpif_rmse_p95,linear_f1,linear_precision,linear_recall,linear_csi,linear_signed_frequency_bias,linear_false_wet_rate,linear_rmse_wet,linear_rmse_p95,gated_f1,gated_precision,gated_recall,gated_csi,gated_signed_frequency_bias,gated_false_wet_rate,gated_rmse_wet,gated_rmse_p95,delta_f1,delta_rmse_wet
10pct,42,416,0.0,0.9022,0.9887,0.8173,0.7688,0.8723,0.691,0.0457,0.1345,5.4211,17.62,0.6744,0.568,0.8298,0.5087,0.1562,0.3236,6.9221,24.55,0.8173,0.7688,0.8723,0.691,0.0457,0.1345,5.4211,17.62,0.0,0.0
10pct,123,416,0.0,0.9022,0.9887,0.811,0.7867,0.8369,0.6821,0.0216,0.1164,5.4283,17.58,0.6744,0.568,0.8298,0.5087,0.1562,0.3236,6.9221,24.55,0.811,0.7867,0.8369,0.6821,0.0216,0.1164,5.4283,17.58,0.0,0.0
10pct,456,416,0.0,0.9022,0.9887,0.8068,0.7727,0.844,0.6761,0.0312,0.1273,5.3752,17.32,0.6744,0.568,0.8298,0.5087,0.1562,0.3236,6.9221,24.55,0.8068,0.7727,0.844,0.6761,0.0312,0.1273,5.3752,17.32,0.0,0.0
mar_meteo,42,417,0.0048,0.8961,0.989,0.8058,0.7724,0.8421,0.6747,0.0288,0.1162,5.2051,19.08,0.7015,0.5938,0.8571,0.5403,0.1415,0.2746,8.1024,31.73,0.8014,0.7708,0.8346,0.6687,0.0264,0.1162,5.1994,19.08,-0.0044,-0.0057
mar_meteo,123,417,0.0048,0.8961,0.989,0.8178,0.8088,0.8271,0.6918,0.0072,0.0915,5.1805,19.34,0.7015,0.5938,0.8571,0.5403,0.1415,0.2746,8.1024,31.73,0.8134,0.8074,0.8195,0.6855,0.0048,0.0915,5.1744,19.34,-0.0044,-0.0061
mar_meteo,456,417,0.0048,0.8961,0.989,0.812,0.812,0.812,0.6835,0.0,0.088,5.3144,19.67,0.7015,0.5938,0.8571,0.5403,0.1415,0.2746,8.1024,31.73,0.8075,0.8106,0.8045,0.6772,-0.0024,0.088,5.3099,19.67,-0.0045,-0.0045
mnar_wet,42,417,0.0,0.8933,0.9897,0.8433,0.9059,0.7888,0.7291,-0.0719,0.1027,5.5451,17.04,0.824,0.7928,0.8578,0.7007,0.0456,0.2811,7.2825,22.45,0.8433,0.9059,0.7888,0.7291,-0.0719,0.1027,5.5451,17.04,0.0,0.0
mnar_wet,123,417,0.0,0.8933,0.9897,0.8357,0.9175,0.7672,0.7177,-0.0911,0.0865,5.5712,17.1,0.824,0.7928,0.8578,0.7007,0.0456,0.2811,7.2825,22.45,0.8357,0.9175,0.7672,0.7177,-0.0911,0.0865,5.5712,17.1,0.0,0.0
mnar_wet,456,417,0.0,0.8933,0.9897,0.8384,0.9179,0.7716,0.7218,-0.0887,0.0865,5.5979,17.14,0.824,0.7928,0.8578,0.7007,0.0456,0.2811,7.2825,22.45,0.8384,0.9179,0.7716,0.7218,-0.0887,0.0865,5.5979,17.14,0.0,0.0
mnar_intensity_moderate,42,417,0.0024,0.9069,0.987,0.8946,0.9004,0.8889,0.8093,-0.0072,0.1257,7.5165,17.57,0.8147,0.7782,0.8547,0.6873,0.0552,0.3115,10.4886,26.49,0.8946,0.9004,0.8889,0.8093,-0.0072,0.1257,7.5165,17.57,0.0,0.0
mnar_intensity_moderate,123,417,0.0024,0.9069,0.987,0.8908,0.9107,0.8718,0.8031,-0.024,0.1093,7.6093,17.92,0.8147,0.7782,0.8547,0.6873,0.0552,0.3115,10.4886,26.49,0.8908,0.9107,0.8718,0.8031,-0.024,0.1093,7.6093,17.92,0.0,0.0
mnar_intensity_moderate,456,417,0.0024,0.9069,0.987,0.8923,0.9186,0.8675,0.8056,-0.0312,0.0984,7.6221,17.95,0.8147,0.7782,0.8547,0.6873,0.0552,0.3115,10.4886,26.49,0.8923,0.9186,0.8675,0.8056,-0.0312,0.0984,7.6221,17.95,0.0,0.0
mnar_intensity_severe,42,417,0.0024,0.8953,0.9746,0.936,0.974,0.9009,0.8798,-0.06,0.0952,9.8679,21.35,0.8648,0.9076,0.8258,0.7618,-0.0719,0.3333,12.4479,25.68,0.936,0.974,0.9009,0.8798,-0.06,0.0952,9.8775,21.35,0.0,0.0096
mnar_intensity_severe,123,417,0.0024,0.8953,0.9746,0.914,0.9729,0.8619,0.8416,-0.0911,0.0952,10.0256,21.59,0.8648,0.9076,0.8258,0.7618,-0.0719,0.3333,12.4479,25.68,0.914,0.9729,0.8619,0.8416,-0.0911,0.0952,10.0349,21.59,0.0,0.0093
mnar_intensity_severe,456,417,0.0024,0.8953,0.9746,0.9155,0.9762,0.8619,0.8441,-0.0935,0.0833,10.029,21.61,0.8648,0.9076,0.8258,0.7618,-0.0719,0.3333,12.4479,25.68,0.9155,0.9762,0.8619,0.8441,-0.0935,0.0833,10.0383,21.61,0.0,0.0093
block7d,42,840,0.031,0.8052,0.9551,0.7929,0.7762,0.8102,0.6568,0.0143,0.1131,4.89,15.45,0.5275,0.4862,0.5766,0.3583,0.0607,0.2951,7.4242,23.55,0.7821,0.7657,0.7993,0.6422,0.0143,0.1184,4.88,15.45,-0.0108,-0.01
block7d,123,840,0.031,0.8052,0.9551,0.7911,0.8015,0.781,0.6544,-0.0083,0.0936,4.8801,15.75,0.5275,0.4862,0.5766,0.3583,0.0607,0.2951,7.4242,23.55,0.78,0.7903,0.7701,0.6394,-0.0083,0.0989,4.8937,15.75,-0.0111,0.0136
block7d,456,840,0.031,0.8052,0.9551,0.7941,0.8075,0.781,0.6585,-0.0107,0.0901,4.8718,15.36,0.5275,0.4862,0.5766,0.3583,0.0607,0.2951,7.4242,23.55,0.7874,0.7978,0.7774,0.6494,-0.0083,0.0954,4.8392,15.36,-0.0067,-0.0326
block30d,42,840,0.0417,0.7998,0.9524,0.7966,0.7492,0.8504,0.6619,0.044,0.1378,6.0893,20.26,0.412,0.3641,0.4745,0.2595,0.0988,0.4011,8.6004,27.58,0.7822,0.7379,0.8321,0.6423,0.0417,0.1431,6.1668,20.26,-0.0144,0.0775
block30d,123,840,0.0417,0.7998,0.9524,0.7937,0.7617,0.8285,0.658,0.0286,0.1254,6.0583,20.39,0.412,0.3641,0.4745,0.2595,0.0988,0.4011,8.6004,27.58,0.7776,0.7475,0.8102,0.6361,0.0274,0.1325,6.1368,20.39,-0.0161,0.0785
block30d,456,840,0.0417,0.7998,0.9524,0.8007,0.7747,0.8285,0.6676,0.0226,0.1166,6.0967,20.43,0.412,0.3641,0.4745,0.2595,0.0988,0.4011,8.6004,27.58,0.7866,0.7611,0.8139,0.6483,0.0226,0.1237,6.1621,20.43,-0.0141,0.0654
netblock30d,42,840,1.0,0.0,0.0,0.0,0.0,0.0,0.0,-0.2548,0.0,6.4085,23.68,0.5202,0.4426,0.6308,0.3516,0.1083,0.2716,5.5954,22.44,0.5202,0.4426,0.6308,0.3516,0.1083,0.2716,5.5954,22.44,0.5202,-0.8131
netblock30d,123,840,1.0,0.0,0.0,0.0,0.0,0.0,0.0,-0.2548,0.0,6.4085,23.68,0.5202,0.4426,0.6308,0.3516,0.1083,0.2716,5.5954,22.44,0.5202,0.4426,0.6308,0.3516,0.1083,0.2716,5.5954,22.44,0.5202,-0.8131
netblock30d,456,840,1.0,0.0,0.0,0.0,0.0,0.0,0.0,-0.2548,0.0,6.4085,23.68,0.5202,0.4426,0.6308,0.3516,0.1083,0.2716,5.5954,22.44,0.5202,0.4426,0.6308,0.3516,0.1083,0.2716,5.5954,22.44,0.5202,-0.8131
