method,scenario,seed,station_id,cdd_obs,cdd_pred,cdd_abs_error,mean_dry_obs,mean_dry_pred,mean_dry_abs_error,p95_dry_obs,p95_dry_pred,p95_dry_abs_error
Mean,10pct,deterministic,17155,45.0,30.0,15.0,5.758064516129032,3.86144578313253,1.8966187329965019,18.0,9.0,9.0
Mean,10pct,deterministic,17704,44.0,31.0,13.0,5.392307692307693,4.006329113924051,1.385978578383642,18.0,12.0,6.0
Mean,10pct,deterministic,17748,44.0,31.0,13.0,5.906779661016949,4.084967320261438,1.8218123407555114,18.299999999999983,11.400000000000006,6.899999999999977
Mean,10pct,deterministic,17750,48.0,32.0,16.0,5.582677165354331,4.0186335403726705,1.56404362498166,18.0,13.0,5.0
Linear,10pct,deterministic,17155,45.0,45.0,0.0,5.758064516129032,5.783333333333333,0.025268817204301186,18.0,20.049999999999997,2.049999999999997
Linear,10pct,deterministic,17704,44.0,42.0,2.0,5.392307692307693,5.73109243697479,0.3387847446670973,18.0,18.0,0.0
Linear,10pct,deterministic,17748,44.0,45.0,1.0,5.906779661016949,6.39622641509434,0.4894467540773908,18.299999999999983,23.0,4.700000000000017
Linear,10pct,deterministic,17750,48.0,48.0,0.0,5.582677165354331,6.0,0.41732283464566944,18.0,18.399999999999977,0.39999999999997726
KNN,10pct,deterministic,17155,45.0,45.0,0.0,5.758064516129032,5.029197080291971,0.7288674358370608,18.0,18.0,0.0
KNN,10pct,deterministic,17704,44.0,44.0,0.0,5.392307692307693,4.884892086330935,0.5074156059767576,18.0,16.099999999999994,1.9000000000000057
KNN,10pct,deterministic,17748,44.0,45.0,1.0,5.906779661016949,5.346774193548387,0.560005467468562,18.299999999999983,16.849999999999994,1.4499999999999886
KNN,10pct,deterministic,17750,48.0,45.0,3.0,5.582677165354331,5.351145038167939,0.2315321271863917,18.0,17.0,1.0
MICE,10pct,deterministic,17155,45.0,35.0,10.0,5.758064516129032,4.397350993377484,1.3607135227515483,18.0,15.0,3.0
MICE,10pct,deterministic,17704,44.0,44.0,0.0,5.392307692307693,4.636363636363637,0.755944055944056,18.0,16.0,2.0
MICE,10pct,deterministic,17748,44.0,38.0,6.0,5.906779661016949,4.764705882352941,1.1420737786640078,18.299999999999983,15.25,3.049999999999983
MICE,10pct,deterministic,17750,48.0,38.0,10.0,5.582677165354331,5.007352941176471,0.5753242241778596,18.0,17.0,1.0
SingleStageRF,10pct,42,17155,45.0,35.0,10.0,5.758064516129032,4.899280575539568,0.858783940589464,18.0,18.0,0.0
SingleStageRF,10pct,42,17704,44.0,44.0,0.0,5.392307692307693,4.856115107913669,0.5361925843940236,18.0,16.0,2.0
SingleStageRF,10pct,42,17748,44.0,44.0,0.0,5.906779661016949,5.390243902439025,0.5165357585779242,18.299999999999983,16.89999999999999,1.3999999999999915
SingleStageRF,10pct,42,17750,48.0,43.0,5.0,5.582677165354331,5.104477611940299,0.478199553414032,18.0,17.0,1.0
DirectTwoStageRF,10pct,42,17155,45.0,45.0,0.0,5.758064516129032,5.672,0.08606451612903232,18.0,18.0,0.0
DirectTwoStageRF,10pct,42,17704,44.0,44.0,0.0,5.392307692307693,5.2556390977443606,0.13666859456333214,18.0,18.0,0.0
DirectTwoStageRF,10pct,42,17748,44.0,44.0,0.0,5.906779661016949,6.078947368421052,0.17216770740410325,18.299999999999983,21.399999999999977,3.0999999999999943
DirectTwoStageRF,10pct,42,17750,48.0,45.0,3.0,5.582677165354331,5.68,0.09732283464566915,18.0,18.0,0.0
SAITS,10pct,42,17155,45.0,45.0,0.0,5.758064516129032,5.535433070866142,0.22263144526289036,18.0,18.0,0.0
SAITS,10pct,42,17704,44.0,44.0,0.0,5.392307692307693,5.142857142857143,0.24945054945054945,18.0,16.799999999999983,1.200000000000017
SAITS,10pct,42,17748,44.0,44.0,0.0,5.906779661016949,4.9772727272727275,0.9295069337442214,18.299999999999983,15.899999999999977,2.4000000000000057
SAITS,10pct,42,17750,48.0,45.0,3.0,5.582677165354331,5.044444444444444,0.5382327209098863,18.0,17.0,1.0
SingleStageRF,10pct,123,17155,45.0,35.0,10.0,5.758064516129032,4.877697841726619,0.8803666744024135,18.0,18.0,0.0
SingleStageRF,10pct,123,17704,44.0,44.0,0.0,5.392307692307693,4.828571428571428,0.5637362637362644,18.0,16.049999999999983,1.950000000000017
SingleStageRF,10pct,123,17748,44.0,44.0,0.0,5.906779661016949,5.346774193548387,0.560005467468562,18.299999999999983,16.849999999999994,1.4499999999999886
SingleStageRF,10pct,123,17750,48.0,43.0,5.0,5.582677165354331,4.927536231884058,0.6551409334702729,18.0,16.150000000000006,1.8499999999999943
DirectTwoStageRF,10pct,123,17155,45.0,45.0,0.0,5.758064516129032,5.685483870967742,0.07258064516129004,18.0,18.0,0.0
DirectTwoStageRF,10pct,123,17704,44.0,44.0,0.0,5.392307692307693,5.2481203007518795,0.14418739155581317,18.0,18.0,0.0
DirectTwoStageRF,10pct,123,17748,44.0,44.0,0.0,5.906779661016949,6.043859649122807,0.13707998810585842,18.299999999999983,21.399999999999977,3.0999999999999943
DirectTwoStageRF,10pct,123,17750,48.0,45.0,3.0,5.582677165354331,5.574803149606299,0.007874015748031482,18.0,17.69999999999999,0.30000000000001137
SAITS,10pct,123,17155,45.0,45.0,0.0,5.758064516129032,5.33587786259542,0.42218665353361207,18.0,18.0,0.0
SAITS,10pct,123,17704,44.0,44.0,0.0,5.392307692307693,5.4296875,0.03737980769230731,18.0,17.64999999999999,0.3500000000000085
SAITS,10pct,123,17748,44.0,44.0,0.0,5.906779661016949,5.553719008264463,0.353060652752486,18.299999999999983,17.0,1.299999999999983
SAITS,10pct,123,17750,48.0,45.0,3.0,5.582677165354331,5.723577235772358,0.1409000704180272,18.0,18.0,0.0
SingleStageRF,10pct,456,17155,45.0,35.0,10.0,5.758064516129032,4.884892086330935,0.873172429798097,18.0,18.0,0.0
SingleStageRF,10pct,456,17704,44.0,44.0,0.0,5.392307692307693,4.787234042553192,0.6050736497545008,18.0,16.0,2.0
SingleStageRF,10pct,456,17748,44.0,44.0,0.0,5.906779661016949,5.354838709677419,0.5519409513395299,18.299999999999983,16.0,2.299999999999983
SingleStageRF,10pct,456,17750,48.0,43.0,5.0,5.582677165354331,4.985401459854015,0.5972757055003157,18.0,16.19999999999999,1.8000000000000114
DirectTwoStageRF,10pct,456,17155,45.0,45.0,0.0,5.758064516129032,5.717741935483871,0.04032258064516103,18.0,18.0,0.0
DirectTwoStageRF,10pct,456,17704,44.0,44.0,0.0,5.392307692307693,5.2481203007518795,0.14418739155581317,18.0,18.0,0.0
DirectTwoStageRF,10pct,456,17748,44.0,44.0,0.0,5.906779661016949,5.991304347826087,0.0845246868091376,18.299999999999983,18.599999999999994,0.30000000000001137
DirectTwoStageRF,10pct,456,17750,48.0,45.0,3.0,5.582677165354331,5.626984126984127,0.04430696162979686,18.0,18.0,0.0
SAITS,10pct,456,17155,45.0,45.0,0.0,5.758064516129032,5.5234375,0.23462701612903203,18.0,18.0,0.0
SAITS,10pct,456,17704,44.0,44.0,0.0,5.392307692307693,5.438461538461539,0.04615384615384599,18.0,18.0,0.0
SAITS,10pct,456,17748,44.0,44.0,0.0,5.906779661016949,5.705882352941177,0.20089730807577233,18.299999999999983,17.299999999999983,1.0
SAITS,10pct,456,17750,48.0,45.0,3.0,5.582677165354331,5.690476190476191,0.10779902512186013,18.0,18.0,0.0
Mean,20pct,deterministic,17155,45.0,26.0,19.0,5.758064516129032,3.2349726775956285,2.5230918385334036,18.0,8.0,10.0
Mean,20pct,deterministic,17704,44.0,15.0,29.0,5.392307692307693,3.0372340425531914,2.3550736497545013,18.0,7.650000000000006,10.349999999999994
Mean,20pct,deterministic,17748,44.0,17.0,27.0,5.906779661016949,3.064516129032258,2.842263531984691,18.299999999999983,7.75,10.549999999999983
Mean,20pct,deterministic,17750,48.0,18.0,30.0,5.582677165354331,2.876923076923077,2.7057540884312536,18.0,9.0,9.0
Linear,20pct,deterministic,17155,45.0,64.0,19.0,5.758064516129032,6.171171171171171,0.4131066550421387,18.0,22.5,4.5
Linear,20pct,deterministic,17704,44.0,43.0,1.0,5.392307692307693,6.203703703703703,0.8113960113960106,18.0,22.299999999999983,4.299999999999983
Linear,20pct,deterministic,17748,44.0,44.0,0.0,5.906779661016949,6.543689320388349,0.6369096593714003,18.299999999999983,25.799999999999983,7.5
Linear,20pct,deterministic,17750,48.0,48.0,0.0,5.582677165354331,6.2407407407407405,0.6580635753864099,18.0,28.249999999999957,10.249999999999957
KNN,20pct,deterministic,17155,45.0,27.0,18.0,5.758064516129032,4.703448275862069,1.054616240266963,18.0,18.0,0.0
KNN,20pct,deterministic,17704,44.0,32.0,12.0,5.392307692307693,4.292207792207792,1.1000999000999006,18.0,12.349999999999994,5.650000000000006
KNN,20pct,deterministic,17748,44.0,45.0,1.0,5.906779661016949,4.985185185185185,0.921594475831764,18.299999999999983,15.299999999999997,2.999999999999986
KNN,20pct,deterministic,17750,48.0,48.0,0.0,5.582677165354331,5.201492537313433,0.3811846280408977,18.0,23.69999999999999,5.699999999999989
MICE,20pct,deterministic,17155,45.0,26.0,19.0,5.758064516129032,3.783132530120482,1.9749319860085501,18.0,12.25,5.75
MICE,20pct,deterministic,17704,44.0,23.0,21.0,5.392307692307693,3.8271604938271606,1.565147198480532,18.0,10.949999999999989,7.050000000000011
MICE,20pct,deterministic,17748,44.0,19.0,25.0,5.906779661016949,3.8742138364779874,2.0325658245389615,18.299999999999983,12.0,6.299999999999983
MICE,20pct,deterministic,17750,48.0,45.0,3.0,5.582677165354331,4.5524475524475525,1.030229612906778,18.0,14.0,4.0
SingleStageRF,20pct,42,17155,45.0,36.0,9.0,5.758064516129032,4.428571428571429,1.3294930875576032,18.0,13.0,5.0
SingleStageRF,20pct,42,17704,44.0,34.0,10.0,5.392307692307693,4.266666666666667,1.125641025641026,18.0,11.549999999999983,6.450000000000017
SingleStageRF,20pct,42,17748,44.0,44.0,0.0,5.906779661016949,4.461538461538462,1.4452411994784873,18.299999999999983,14.800000000000011,3.4999999999999716
SingleStageRF,20pct,42,17750,48.0,48.0,0.0,5.582677165354331,4.570422535211268,1.0122546301430626,18.0,17.899999999999977,0.10000000000002274
DirectTwoStageRF,20pct,42,17155,45.0,45.0,0.0,5.758064516129032,5.829268292682927,0.07120377655389465,18.0,19.0,1.0
DirectTwoStageRF,20pct,42,17704,44.0,44.0,0.0,5.392307692307693,5.453846153846154,0.06153846153846132,18.0,18.099999999999994,0.09999999999999432
DirectTwoStageRF,20pct,42,17748,44.0,45.0,1.0,5.906779661016949,5.858333333333333,0.048446327683615564,18.299999999999983,24.099999999999994,5.800000000000011
DirectTwoStageRF,20pct,42,17750,48.0,48.0,0.0,5.582677165354331,5.860655737704918,0.2779785723505874,18.0,24.94999999999999,6.949999999999989
SAITS,20pct,42,17155,45.0,64.0,19.0,5.758064516129032,5.3565891472868215,0.4014753688422106,18.0,18.0,0.0
SAITS,20pct,42,17704,44.0,34.0,10.0,5.392307692307693,4.402684563758389,0.9896231285493036,18.0,16.0,2.0
SAITS,20pct,42,17748,44.0,45.0,1.0,5.906779661016949,4.052287581699346,1.8544920793176027,18.299999999999983,10.400000000000006,7.899999999999977
SAITS,20pct,42,17750,48.0,44.0,4.0,5.582677165354331,4.246666666666667,1.3360104986876635,18.0,18.549999999999983,0.549999999999983
SingleStageRF,20pct,123,17155,45.0,31.0,14.0,5.758064516129032,4.342281879194631,1.4157826369344013,18.0,13.0,5.0
SingleStageRF,20pct,123,17704,44.0,34.0,10.0,5.392307692307693,4.2885906040268456,1.1037170882808471,18.0,12.0,6.0
SingleStageRF,20pct,123,17748,44.0,44.0,0.0,5.906779661016949,4.3493150684931505,1.5574645925237984,18.299999999999983,13.0,5.299999999999983
SingleStageRF,20pct,123,17750,48.0,48.0,0.0,5.582677165354331,4.493055555555555,1.0896216097987752,18.0,15.699999999999989,2.3000000000000114
DirectTwoStageRF,20pct,123,17155,45.0,45.0,0.0,5.758064516129032,5.733870967741935,0.024193548387096975,18.0,19.0,1.0
DirectTwoStageRF,20pct,123,17704,44.0,44.0,0.0,5.392307692307693,5.3816793893129775,0.010628302994715177,18.0,18.0,0.0
DirectTwoStageRF,20pct,123,17748,44.0,45.0,1.0,5.906779661016949,5.825,0.08177966101694878,18.299999999999983,24.099999999999994,5.800000000000011
DirectTwoStageRF,20pct,123,17750,48.0,48.0,0.0,5.582677165354331,5.733870967741935,0.1511938023876045,18.0,24.849999999999994,6.849999999999994
SAITS,20pct,123,17155,45.0,64.0,19.0,5.758064516129032,5.5476190476190474,0.21044546850998458,18.0,18.75,0.75
SAITS,20pct,123,17704,44.0,44.0,0.0,5.392307692307693,5.465116279069767,0.07280858676207469,18.0,18.19999999999999,0.19999999999998863
SAITS,20pct,123,17748,44.0,45.0,1.0,5.906779661016949,5.788135593220339,0.11864406779660985,18.299999999999983,21.599999999999966,3.299999999999983
SAITS,20pct,123,17750,48.0,48.0,0.0,5.582677165354331,5.764227642276423,0.18155047692209259,18.0,24.799999999999983,6.799999999999983
SingleStageRF,20pct,456,17155,45.0,36.0,9.0,5.758064516129032,4.510344827586207,1.2477196885428254,18.0,13.0,5.0
SingleStageRF,20pct,456,17704,44.0,34.0,10.0,5.392307692307693,4.218543046357616,1.1737646459500768,18.0,12.0,6.0
SingleStageRF,20pct,456,17748,44.0,44.0,0.0,5.906779661016949,4.468531468531468,1.4382481924854806,18.299999999999983,14.800000000000011,3.4999999999999716
SingleStageRF,20pct,456,17750,48.0,48.0,0.0,5.582677165354331,4.602836879432624,0.9798402859217061,18.0,16.0,2.0
DirectTwoStageRF,20pct,456,17155,45.0,45.0,0.0,5.758064516129032,5.933884297520661,0.17581978139162935,18.0,19.0,1.0
DirectTwoStageRF,20pct,456,17704,44.0,44.0,0.0,5.392307692307693,5.396946564885496,0.00463887257780371,18.0,18.0,0.0
DirectTwoStageRF,20pct,456,17748,44.0,45.0,1.0,5.906779661016949,5.915966386554622,0.00918672553767319,18.299999999999983,24.19999999999999,5.900000000000006
DirectTwoStageRF,20pct,456,17750,48.0,48.0,0.0,5.582677165354331,5.829268292682927,0.24659112732859612,18.0,24.89999999999999,6.8999999999999915
SAITS,20pct,456,17155,45.0,64.0,19.0,5.758064516129032,5.768,0.009935483870967765,18.0,18.799999999999997,0.7999999999999972
SAITS,20pct,456,17704,44.0,44.0,0.0,5.392307692307693,5.5813953488372094,0.18908765652951676,18.0,18.599999999999994,0.5999999999999943
SAITS,20pct,456,17748,44.0,45.0,1.0,5.906779661016949,5.948717948717949,0.04193828770099994,18.299999999999983,25.19999999999999,6.900000000000006
SAITS,20pct,456,17750,48.0,48.0,0.0,5.582677165354331,5.887096774193548,0.3044196088392175,18.0,24.69999999999999,6.699999999999989
Mean,block7d,deterministic,17155,45.0,24.0,21.0,5.758064516129032,4.8474576271186445,0.9106068890103876,18.0,16.299999999999983,1.700000000000017
Mean,block7d,deterministic,17704,44.0,26.0,18.0,5.392307692307693,4.428571428571429,0.9637362637362639,18.0,14.0,4.0
Mean,block7d,deterministic,17748,44.0,35.0,9.0,5.906779661016949,4.807017543859649,1.0997621171573,18.299999999999983,15.349999999999994,2.9499999999999886
Mean,block7d,deterministic,17750,48.0,38.0,10.0,5.582677165354331,4.848739495798319,0.7339376695560116,18.0,15.199999999999989,2.8000000000000114
Linear,block7d,deterministic,17155,45.0,48.0,3.0,5.758064516129032,6.98,1.2219354838709684,18.0,29.049999999999997,11.049999999999997
Linear,block7d,deterministic,17704,44.0,56.0,12.0,5.392307692307693,6.771428571428571,1.3791208791208787,18.0,26.0,8.0
Linear,block7d,deterministic,17748,44.0,56.0,12.0,5.906779661016949,6.52,0.6132203389830506,18.299999999999983,24.099999999999994,5.800000000000011
Linear,block7d,deterministic,17750,48.0,77.0,29.0,5.582677165354331,7.01980198019802,1.4371248148436893,18.0,26.0,8.0
KNN,block7d,deterministic,17155,45.0,31.0,14.0,5.758064516129032,5.091603053435114,0.6664614626939178,18.0,18.0,0.0
KNN,block7d,deterministic,17704,44.0,35.0,9.0,5.392307692307693,5.030075187969925,0.36223250433776766,18.0,17.0,1.0
KNN,block7d,deterministic,17748,44.0,39.0,5.0,5.906779661016949,4.804511278195489,1.1022683828214603,18.299999999999983,15.399999999999991,2.8999999999999915
KNN,block7d,deterministic,17750,48.0,46.0,2.0,5.582677165354331,5.2727272727272725,0.3099498926270581,18.0,18.0,0.0
MICE,block7d,deterministic,17155,45.0,26.0,19.0,5.758064516129032,4.8307692307692305,0.9272952853598015,18.0,16.0,2.0
MICE,block7d,deterministic,17704,44.0,35.0,9.0,5.392307692307693,4.635036496350365,0.757271195957328,18.0,16.19999999999999,1.8000000000000114
MICE,block7d,deterministic,17748,44.0,37.0,7.0,5.906779661016949,4.674603174603175,1.232176486413774,18.299999999999983,15.75,2.549999999999983
MICE,block7d,deterministic,17750,48.0,38.0,10.0,5.582677165354331,4.902255639097745,0.6804215262565858,18.0,16.0,2.0
SingleStageRF,block7d,42,17155,45.0,26.0,19.0,5.758064516129032,4.924812030075188,0.8332524860538442,18.0,18.0,0.0
SingleStageRF,block7d,42,17704,44.0,35.0,9.0,5.392307692307693,4.733333333333333,0.6589743589743593,18.0,16.299999999999997,1.7000000000000028
SingleStageRF,block7d,42,17748,44.0,36.0,8.0,5.906779661016949,4.651515151515151,1.2552645095017976,18.299999999999983,15.449999999999989,2.8499999999999943
SingleStageRF,block7d,42,17750,48.0,44.0,4.0,5.582677165354331,4.909774436090226,0.6729027292641048,18.0,15.399999999999991,2.6000000000000085
DirectTwoStageRF,block7d,42,17155,45.0,48.0,3.0,5.758064516129032,5.909090909090909,0.15102639296187714,18.0,18.0,0.0
DirectTwoStageRF,block7d,42,17704,44.0,44.0,0.0,5.392307692307693,5.456692913385827,0.06438522107813416,18.0,18.0,0.0
DirectTwoStageRF,block7d,42,17748,44.0,44.0,0.0,5.906779661016949,5.680327868852459,0.22645179216448952,18.299999999999983,17.899999999999977,0.4000000000000057
DirectTwoStageRF,block7d,42,17750,48.0,64.0,16.0,5.582677165354331,6.170940170940171,0.5882630055858407,18.0,20.999999999999943,2.999999999999943
SAITS,block7d,42,17155,45.0,45.0,0.0,5.758064516129032,5.638655462184874,0.11940905394415768,18.0,18.19999999999999,0.19999999999998863
SAITS,block7d,42,17704,44.0,39.0,5.0,5.392307692307693,5.054263565891473,0.3380441264162197,18.0,17.0,1.0
SAITS,block7d,42,17748,44.0,39.0,5.0,5.906779661016949,5.130434782608695,0.7763448784082536,18.299999999999983,16.0,2.299999999999983
SAITS,block7d,42,17750,48.0,45.0,3.0,5.582677165354331,5.137096774193548,0.4455803911607825,18.0,15.0,3.0
SingleStageRF,block7d,123,17155,45.0,26.0,19.0,5.758064516129032,5.0,0.758064516129032,18.0,18.0,0.0
SingleStageRF,block7d,123,17704,44.0,39.0,5.0,5.392307692307693,4.768656716417911,0.6236509758897819,18.0,16.349999999999994,1.6500000000000057
SingleStageRF,block7d,123,17748,44.0,37.0,7.0,5.906779661016949,4.651515151515151,1.2552645095017976,18.299999999999983,15.449999999999989,2.8499999999999943
SingleStageRF,block7d,123,17750,48.0,44.0,4.0,5.582677165354331,5.0,0.5826771653543306,18.0,15.5,2.5
DirectTwoStageRF,block7d,123,17155,45.0,48.0,3.0,5.758064516129032,5.780487804878049,0.022423288749016557,18.0,18.0,0.0
DirectTwoStageRF,block7d,123,17704,44.0,44.0,0.0,5.392307692307693,5.433070866141732,0.04076317383403971,18.0,18.0,0.0
DirectTwoStageRF,block7d,123,17748,44.0,44.0,0.0,5.906779661016949,5.444444444444445,0.4623352165725043,18.299999999999983,17.5,0.799999999999983
DirectTwoStageRF,block7d,123,17750,48.0,64.0,16.0,5.582677165354331,6.042016806722689,0.45933964136835836,18.0,20.49999999999997,2.4999999999999716
SAITS,block7d,123,17155,45.0,31.0,14.0,5.758064516129032,5.568,0.1900645161290324,18.0,18.0,0.0
SAITS,block7d,123,17704,44.0,56.0,12.0,5.392307692307693,5.75206611570248,0.35975842339478703,18.0,18.0,0.0
SAITS,block7d,123,17748,44.0,39.0,5.0,5.906779661016949,5.598290598290598,0.308489062726351,18.299999999999983,18.0,0.29999999999998295
SAITS,block7d,123,17750,48.0,77.0,29.0,5.582677165354331,6.267241379310345,0.6845642139560146,18.0,25.0,7.0
SingleStageRF,block7d,456,17155,45.0,31.0,14.0,5.758064516129032,4.880597014925373,0.8774675012036592,18.0,18.0,0.0
SingleStageRF,block7d,456,17704,44.0,35.0,9.0,5.392307692307693,4.698529411764706,0.6937782805429871,18.0,16.25,1.75
SingleStageRF,block7d,456,17748,44.0,37.0,7.0,5.906779661016949,4.681818181818182,1.2249614791987673,18.299999999999983,15.449999999999989,2.8499999999999943
SingleStageRF,block7d,456,17750,48.0,44.0,4.0,5.582677165354331,4.984848484848484,0.5978286805058461,18.0,15.449999999999989,2.5500000000000114
DirectTwoStageRF,block7d,456,17155,45.0,48.0,3.0,5.758064516129032,5.829268292682927,0.07120377655389465,18.0,18.0,0.0
DirectTwoStageRF,block7d,456,17704,44.0,44.0,0.0,5.392307692307693,5.5,0.10769230769230731,18.0,18.0,0.0
DirectTwoStageRF,block7d,456,17748,44.0,44.0,0.0,5.906779661016949,5.658536585365853,0.2482430756510956,18.299999999999983,17.799999999999983,0.5
DirectTwoStageRF,block7d,456,17750,48.0,64.0,16.0,5.582677165354331,6.110169491525424,0.5274923261710933,18.0,20.749999999999957,2.7499999999999574
SAITS,block7d,456,17155,45.0,45.0,0.0,5.758064516129032,5.901639344262295,0.1435748281332634,18.0,18.0,0.0
SAITS,block7d,456,17704,44.0,56.0,12.0,5.392307692307693,5.991666666666666,0.5993589743589736,18.0,18.0,0.0
SAITS,block7d,456,17748,44.0,39.0,5.0,5.906779661016949,5.553719008264463,0.353060652752486,18.299999999999983,16.0,2.299999999999983
SAITS,block7d,456,17750,48.0,68.0,20.0,5.582677165354331,6.482456140350878,0.899778974996547,18.0,25.0,7.0
Mean,block30d,deterministic,17155,45.0,45.0,0.0,5.758064516129032,5.68,0.07806451612903231,18.0,18.099999999999994,0.09999999999999432
Mean,block30d,deterministic,17704,44.0,44.0,0.0,5.392307692307693,5.887755102040816,0.4954474097331234,18.0,18.749999999999957,0.7499999999999574
Mean,block30d,deterministic,17748,44.0,40.0,4.0,5.906779661016949,5.46078431372549,0.4459953472914586,18.299999999999983,19.899999999999977,1.5999999999999943
Mean,block30d,deterministic,17750,48.0,48.0,0.0,5.582677165354331,5.027272727272727,0.5554044380816032,18.0,18.0,0.0
Linear,block30d,deterministic,17155,45.0,53.0,8.0,5.758064516129032,7.229166666666667,1.471102150537635,18.0,29.0,11.0
Linear,block30d,deterministic,17704,44.0,68.0,24.0,5.392307692307693,7.574468085106383,2.18216039279869,18.0,37.349999999999994,19.349999999999994
Linear,block30d,deterministic,17748,44.0,56.0,12.0,5.906779661016949,6.838383838383838,0.9316041773668893,18.299999999999983,33.099999999999994,14.800000000000011
Linear,block30d,deterministic,17750,48.0,54.0,6.0,5.582677165354331,6.064814814814815,0.4821376494604843,18.0,21.299999999999983,3.299999999999983
KNN,block30d,deterministic,17155,45.0,45.0,0.0,5.758064516129032,5.223076923076923,0.5349875930521089,18.0,18.0,0.0
KNN,block30d,deterministic,17704,44.0,44.0,0.0,5.392307692307693,5.317460317460317,0.07484737484737547,18.0,17.75,0.25
KNN,block30d,deterministic,17748,44.0,40.0,4.0,5.906779661016949,4.776119402985074,1.1306602580318748,18.299999999999983,16.69999999999999,1.5999999999999943
KNN,block30d,deterministic,17750,48.0,48.0,0.0,5.582677165354331,5.141791044776119,0.4408861205782113,18.0,18.0,0.0
MICE,block30d,deterministic,17155,45.0,45.0,0.0,5.758064516129032,5.132231404958677,0.6258331111703548,18.0,18.0,0.0
MICE,block30d,deterministic,17704,44.0,44.0,0.0,5.392307692307693,5.273504273504273,0.11880341880341927,18.0,18.0,0.0
MICE,block30d,deterministic,17748,44.0,40.0,4.0,5.906779661016949,5.008403361344538,0.8983762996724112,18.299999999999983,18.19999999999999,0.09999999999999432
MICE,block30d,deterministic,17750,48.0,48.0,0.0,5.582677165354331,4.94488188976378,0.6377952755905509,18.0,17.69999999999999,0.30000000000001137
SingleStageRF,block30d,42,17155,45.0,45.0,0.0,5.758064516129032,5.087301587301587,0.670762928827445,18.0,18.0,0.0
SingleStageRF,block30d,42,17704,44.0,44.0,0.0,5.392307692307693,5.3277310924369745,0.06457659987071818,18.0,18.0,0.0
SingleStageRF,block30d,42,17748,44.0,40.0,4.0,5.906779661016949,5.024193548387097,0.882586112629852,18.299999999999983,17.69999999999999,0.5999999999999943
SingleStageRF,block30d,42,17750,48.0,48.0,0.0,5.582677165354331,5.0,0.5826771653543306,18.0,18.0,0.0
DirectTwoStageRF,block30d,42,17155,45.0,45.0,0.0,5.758064516129032,5.883333333333334,0.12526881720430172,18.0,18.099999999999994,0.09999999999999432
DirectTwoStageRF,block30d,42,17704,44.0,44.0,0.0,5.392307692307693,5.745901639344262,0.3535939470365692,18.0,18.0,0.0
DirectTwoStageRF,block30d,42,17748,44.0,44.0,0.0,5.906779661016949,5.590163934426229,0.3166157265907197,18.299999999999983,19.899999999999977,1.5999999999999943
DirectTwoStageRF,block30d,42,17750,48.0,54.0,6.0,5.582677165354331,5.642857142857143,0.060179977502812676,18.0,19.5,1.5
SAITS,block30d,42,17155,45.0,45.0,0.0,5.758064516129032,5.887931034482759,0.12986651835372687,18.0,21.25,3.25
SAITS,block30d,42,17704,44.0,44.0,0.0,5.392307692307693,5.90990990990991,0.5176022176022173,18.0,20.5,2.5
SAITS,block30d,42,17748,44.0,40.0,4.0,5.906779661016949,5.342105263157895,0.5646743978590543,18.299999999999983,18.69999999999999,0.4000000000000057
SAITS,block30d,42,17750,48.0,48.0,0.0,5.582677165354331,5.3277310924369745,0.25494607291735605,18.0,18.0,0.0
SingleStageRF,block30d,123,17155,45.0,45.0,0.0,5.758064516129032,5.229508196721311,0.5285563194077207,18.0,18.0,0.0
SingleStageRF,block30d,123,17704,44.0,44.0,0.0,5.392307692307693,5.338983050847458,0.05332464146023508,18.0,18.0,0.0
SingleStageRF,block30d,123,17748,44.0,40.0,4.0,5.906779661016949,5.158333333333333,0.7484463276836157,18.299999999999983,18.099999999999994,0.19999999999998863
SingleStageRF,block30d,123,17750,48.0,48.0,0.0,5.582677165354331,4.9609375,0.6217396653543306,18.0,18.0,0.0
DirectTwoStageRF,block30d,123,17155,45.0,45.0,0.0,5.758064516129032,5.793388429752066,0.03532391362303411,18.0,18.0,0.0
DirectTwoStageRF,block30d,123,17704,44.0,44.0,0.0,5.392307692307693,5.704918032786885,0.31261034047919267,18.0,18.0,0.0
DirectTwoStageRF,block30d,123,17748,44.0,44.0,0.0,5.906779661016949,5.549180327868853,0.3575993331480962,18.299999999999983,17.899999999999977,0.4000000000000057
DirectTwoStageRF,block30d,123,17750,48.0,48.0,0.0,5.582677165354331,5.515625,0.06705216535433056,18.0,19.299999999999983,1.299999999999983
SAITS,block30d,123,17155,45.0,45.0,0.0,5.758064516129032,6.219298245614035,0.4612337294850031,18.0,21.69999999999999,3.6999999999999886
SAITS,block30d,123,17704,44.0,44.0,0.0,5.392307692307693,5.9491525423728815,0.5568448500651888,18.0,18.749999999999957,0.7499999999999574
SAITS,block30d,123,17748,44.0,40.0,4.0,5.906779661016949,5.418032786885246,0.4887468741317029,18.299999999999983,17.899999999999977,0.4000000000000057
SAITS,block30d,123,17750,48.0,54.0,6.0,5.582677165354331,5.725806451612903,0.14312928625857246,18.0,19.69999999999999,1.6999999999999886
SingleStageRF,block30d,456,17155,45.0,45.0,0.0,5.758064516129032,5.055555555555555,0.7025089605734767,18.0,18.0,0.0
SingleStageRF,block30d,456,17704,44.0,44.0,0.0,5.392307692307693,5.413793103448276,0.02148541114058311,18.0,18.0,0.0
SingleStageRF,block30d,456,17748,44.0,40.0,4.0,5.906779661016949,5.131147540983607,0.7756321200333423,18.299999999999983,17.899999999999977,0.4000000000000057
SingleStageRF,block30d,456,17750,48.0,48.0,0.0,5.582677165354331,4.9147286821705425,0.6679484831837881,18.0,18.0,0.0
DirectTwoStageRF,block30d,456,17155,45.0,45.0,0.0,5.758064516129032,6.0,0.24193548387096797,18.0,18.299999999999983,0.29999999999998295
DirectTwoStageRF,block30d,456,17704,44.0,44.0,0.0,5.392307692307693,5.729508196721311,0.3372005044136186,18.0,18.0,0.0
DirectTwoStageRF,block30d,456,17748,44.0,44.0,0.0,5.906779661016949,5.598360655737705,0.3084190052792444,18.299999999999983,19.899999999999977,1.5999999999999943
DirectTwoStageRF,block30d,456,17750,48.0,48.0,0.0,5.582677165354331,5.5390625,0.04361466535433056,18.0,19.299999999999983,1.299999999999983
SAITS,block30d,456,17155,45.0,45.0,0.0,5.758064516129032,6.226086956521739,0.4680224403927067,18.0,21.299999999999997,3.299999999999997
SAITS,block30d,456,17704,44.0,44.0,0.0,5.392307692307693,6.715596330275229,1.3232886379675364,18.0,24.599999999999994,6.599999999999994
SAITS,block30d,456,17748,44.0,47.0,3.0,5.906779661016949,6.052631578947368,0.14585191793041918,18.299999999999983,18.69999999999999,0.4000000000000057
SAITS,block30d,456,17750,48.0,54.0,6.0,5.582677165354331,6.460869565217391,0.8781923998630603,18.0,26.599999999999994,8.599999999999994
Mean,mar_meteo,deterministic,17155,45.0,16.0,29.0,5.758064516129032,3.6551724137931036,2.1028921023359284,18.0,10.0,8.0
Mean,mar_meteo,deterministic,17704,44.0,22.0,22.0,5.392307692307693,3.719298245614035,1.6730094466936576,18.0,11.5,6.5
Mean,mar_meteo,deterministic,17748,44.0,26.0,18.0,5.906779661016949,3.8509316770186337,2.0558479839983153,18.299999999999983,12.0,6.299999999999983
Mean,mar_meteo,deterministic,17750,48.0,38.0,10.0,5.582677165354331,3.8165680473372783,1.7661091180170523,18.0,10.0,8.0
Linear,mar_meteo,deterministic,17155,45.0,45.0,0.0,5.758064516129032,5.857142857142857,0.09907834101382473,18.0,20.099999999999994,2.0999999999999943
Linear,mar_meteo,deterministic,17704,44.0,44.0,0.0,5.392307692307693,5.680327868852459,0.28802017654476675,18.0,18.0,0.0
Linear,mar_meteo,deterministic,17748,44.0,44.0,0.0,5.906779661016949,6.415094339622642,0.5083146786056929,18.299999999999983,19.5,1.200000000000017
Linear,mar_meteo,deterministic,17750,48.0,48.0,0.0,5.582677165354331,5.672131147540983,0.08945398218665268,18.0,19.849999999999966,1.849999999999966
KNN,mar_meteo,deterministic,17155,45.0,31.0,14.0,5.758064516129032,4.872340425531915,0.8857240905971171,18.0,18.0,0.0
KNN,mar_meteo,deterministic,17704,44.0,32.0,12.0,5.392307692307693,4.783216783216783,0.6090909090909093,18.0,17.0,1.0
KNN,mar_meteo,deterministic,17748,44.0,44.0,0.0,5.906779661016949,5.091603053435114,0.8151766075818347,18.299999999999983,15.5,2.799999999999983
KNN,mar_meteo,deterministic,17750,48.0,48.0,0.0,5.582677165354331,5.2631578947368425,0.3195192706174881,18.0,18.799999999999983,0.799999999999983
MICE,mar_meteo,deterministic,17155,45.0,25.0,20.0,5.758064516129032,4.292207792207792,1.46585672392124,18.0,15.0,3.0
MICE,mar_meteo,deterministic,17704,44.0,32.0,12.0,5.392307692307693,4.551020408163265,0.8412872841444274,18.0,15.699999999999989,2.3000000000000114
MICE,mar_meteo,deterministic,17748,44.0,37.0,7.0,5.906779661016949,4.595744680851064,1.3110349801658847,18.299999999999983,15.0,3.299999999999983
MICE,mar_meteo,deterministic,17750,48.0,39.0,9.0,5.582677165354331,4.6506849315068495,0.9319922338474811,18.0,15.0,3.0
SingleStageRF,mar_meteo,42,17155,45.0,41.0,4.0,5.758064516129032,4.963768115942029,0.7942964001870028,18.0,16.30000000000001,1.6999999999999886
SingleStageRF,mar_meteo,42,17704,44.0,32.0,12.0,5.392307692307693,4.748251748251748,0.6440559440559444,18.0,16.0,2.0
SingleStageRF,mar_meteo,42,17748,44.0,44.0,0.0,5.906779661016949,5.140625,0.766154661016949,18.299999999999983,15.649999999999991,2.6499999999999915
SingleStageRF,mar_meteo,42,17750,48.0,42.0,6.0,5.582677165354331,5.111111111111111,0.47156605424321985,18.0,17.89999999999999,0.10000000000000853
DirectTwoStageRF,mar_meteo,42,17155,45.0,45.0,0.0,5.758064516129032,5.590551181102362,0.16751333502666998,18.0,18.0,0.0
DirectTwoStageRF,mar_meteo,42,17704,44.0,44.0,0.0,5.392307692307693,5.356060606060606,0.03624708624708628,18.0,17.44999999999999,0.5500000000000114
DirectTwoStageRF,mar_meteo,42,17748,44.0,44.0,0.0,5.906779661016949,5.7272727272727275,0.17950693374422144,18.299999999999983,18.0,0.29999999999998295
DirectTwoStageRF,mar_meteo,42,17750,48.0,48.0,0.0,5.582677165354331,5.446153846153846,0.13652331920048422,18.0,19.099999999999994,1.0999999999999943
SAITS,mar_meteo,42,17155,45.0,45.0,0.0,5.758064516129032,5.384615384615385,0.373449131513647,18.0,18.0,0.0
SAITS,mar_meteo,42,17704,44.0,37.0,7.0,5.392307692307693,5.0,0.3923076923076927,18.0,17.150000000000006,0.8499999999999943
SAITS,mar_meteo,42,17748,44.0,44.0,0.0,5.906779661016949,4.72463768115942,1.182141979857529,18.299999999999983,15.150000000000006,3.1499999999999773
SAITS,mar_meteo,42,17750,48.0,40.0,8.0,5.582677165354331,4.836879432624113,0.7457977327302174,18.0,17.0,1.0
SingleStageRF,mar_meteo,123,17155,45.0,41.0,4.0,5.758064516129032,4.788732394366197,0.969332121762835,18.0,15.949999999999989,2.0500000000000114
SingleStageRF,mar_meteo,123,17704,44.0,32.0,12.0,5.392307692307693,4.722222222222222,0.6700854700854704,18.0,15.849999999999994,2.1500000000000057
SingleStageRF,mar_meteo,123,17748,44.0,44.0,0.0,5.906779661016949,5.140625,0.766154661016949,18.299999999999983,15.649999999999991,2.6499999999999915
SingleStageRF,mar_meteo,123,17750,48.0,42.0,6.0,5.582677165354331,5.014598540145985,0.5680786252083454,18.0,17.599999999999966,0.4000000000000341
DirectTwoStageRF,mar_meteo,123,17155,45.0,45.0,0.0,5.758064516129032,5.626984126984127,0.1310803891449046,18.0,18.0,0.0
DirectTwoStageRF,mar_meteo,123,17704,44.0,44.0,0.0,5.392307692307693,5.356060606060606,0.03624708624708628,18.0,17.44999999999999,0.5500000000000114
DirectTwoStageRF,mar_meteo,123,17748,44.0,44.0,0.0,5.906779661016949,5.655737704918033,0.25104195609891633,18.299999999999983,17.899999999999977,0.4000000000000057
DirectTwoStageRF,mar_meteo,123,17750,48.0,48.0,0.0,5.582677165354331,5.446153846153846,0.13652331920048422,18.0,19.099999999999994,1.0999999999999943
SAITS,mar_meteo,123,17155,45.0,45.0,0.0,5.758064516129032,5.17910447761194,0.5789600385170921,18.0,18.0,0.0
SAITS,mar_meteo,123,17704,44.0,44.0,0.0,5.392307692307693,5.392307692307693,0.0,18.0,17.549999999999997,0.45000000000000284
SAITS,mar_meteo,123,17748,44.0,44.0,0.0,5.906779661016949,5.275590551181103,0.6311891098358462,18.299999999999983,15.699999999999989,2.5999999999999943
SAITS,mar_meteo,123,17750,48.0,48.0,0.0,5.582677165354331,5.68,0.09732283464566915,18.0,19.599999999999994,1.5999999999999943
SingleStageRF,mar_meteo,456,17155,45.0,41.0,4.0,5.758064516129032,4.843971631205674,0.9140928849233578,18.0,16.0,2.0
SingleStageRF,mar_meteo,456,17704,44.0,44.0,0.0,5.392307692307693,4.795774647887324,0.5965330444203687,18.0,16.0,2.0
SingleStageRF,mar_meteo,456,17748,44.0,44.0,0.0,5.906779661016949,5.196850393700787,0.7099292673161619,18.299999999999983,15.699999999999989,2.5999999999999943
SingleStageRF,mar_meteo,456,17750,48.0,42.0,6.0,5.582677165354331,5.0588235294117645,0.5238536359425661,18.0,17.75,0.25
DirectTwoStageRF,mar_meteo,456,17155,45.0,45.0,0.0,5.758064516129032,5.634920634920635,0.1231438812083967,18.0,18.0,0.0
DirectTwoStageRF,mar_meteo,456,17704,44.0,44.0,0.0,5.392307692307693,5.356060606060606,0.03624708624708628,18.0,17.44999999999999,0.5500000000000114
DirectTwoStageRF,mar_meteo,456,17748,44.0,44.0,0.0,5.906779661016949,5.766666666666667,0.14011299435028235,18.299999999999983,18.099999999999994,0.19999999999998863
DirectTwoStageRF,mar_meteo,456,17750,48.0,48.0,0.0,5.582677165354331,5.503875968992248,0.07880119636208249,18.0,19.19999999999999,1.1999999999999886
SAITS,mar_meteo,456,17155,45.0,32.0,13.0,5.758064516129032,5.419847328244275,0.33821718788475685,18.0,18.0,0.0
SAITS,mar_meteo,456,17704,44.0,44.0,0.0,5.392307692307693,5.412213740458015,0.019906048150322597,18.0,17.5,0.5
SAITS,mar_meteo,456,17748,44.0,44.0,0.0,5.906779661016949,5.475806451612903,0.43097320940404593,18.299999999999983,16.0,2.299999999999983
SAITS,mar_meteo,456,17750,48.0,48.0,0.0,5.582677165354331,5.714285714285714,0.13160854893138385,18.0,19.5,1.5
Mean,mnar_wet,deterministic,17155,45.0,28.0,17.0,5.758064516129032,4.46,1.298064516129032,18.0,14.0,4.0
Mean,mnar_wet,deterministic,17704,44.0,24.0,20.0,5.392307692307693,4.1265822784810124,1.2657254138266802,18.0,12.150000000000006,5.849999999999994
Mean,mnar_wet,deterministic,17748,44.0,23.0,21.0,5.906779661016949,4.173076923076923,1.7337027379400256,18.299999999999983,13.0,5.299999999999983
Mean,mnar_wet,deterministic,17750,48.0,42.0,6.0,5.582677165354331,4.311688311688312,1.2709888536660188,18.0,13.0,5.0
Linear,mnar_wet,deterministic,17155,45.0,45.0,0.0,5.758064516129032,6.139130434782609,0.38106591865357675,18.0,18.599999999999994,0.5999999999999943
Linear,mnar_wet,deterministic,17704,44.0,44.0,0.0,5.392307692307693,5.857142857142857,0.46483516483516407,18.0,18.099999999999994,0.09999999999999432
Linear,mnar_wet,deterministic,17748,44.0,44.0,0.0,5.906779661016949,6.1415929203539825,0.23481325933703356,18.299999999999983,21.599999999999966,3.299999999999983
Linear,mnar_wet,deterministic,17750,48.0,48.0,0.0,5.582677165354331,6.0256410256410255,0.442963860286695,18.0,18.399999999999977,0.39999999999997726
KNN,mnar_wet,deterministic,17155,45.0,39.0,6.0,5.758064516129032,5.223880597014926,0.5341839191141062,18.0,18.0,0.0
KNN,mnar_wet,deterministic,17704,44.0,44.0,0.0,5.392307692307693,5.029197080291971,0.3631106120157215,18.0,18.0,0.0
KNN,mnar_wet,deterministic,17748,44.0,39.0,5.0,5.906779661016949,4.829787234042553,1.076992426974396,18.299999999999983,16.0,2.299999999999983
KNN,mnar_wet,deterministic,17750,48.0,48.0,0.0,5.582677165354331,5.546875,0.03580216535433056,18.0,18.299999999999983,0.29999999999998295
MICE,mnar_wet,deterministic,17155,45.0,39.0,6.0,5.758064516129032,4.729166666666667,1.028897849462365,18.0,15.699999999999989,2.3000000000000114
MICE,mnar_wet,deterministic,17704,44.0,34.0,10.0,5.392307692307693,4.977941176470588,0.4143665158371048,18.0,18.0,0.0
MICE,mnar_wet,deterministic,17748,44.0,38.0,6.0,5.906779661016949,4.820143884892087,1.0866357761248624,18.299999999999983,15.099999999999994,3.1999999999999886
MICE,mnar_wet,deterministic,17750,48.0,45.0,3.0,5.582677165354331,5.111111111111111,0.47156605424321985,18.0,16.299999999999997,1.7000000000000028
SingleStageRF,mnar_wet,42,17155,45.0,45.0,0.0,5.758064516129032,5.287878787878788,0.47018572825024396,18.0,18.0,0.0
SingleStageRF,mnar_wet,42,17704,44.0,34.0,10.0,5.392307692307693,5.134328358208955,0.25797933409873774,18.0,18.0,0.0
SingleStageRF,mnar_wet,42,17748,44.0,44.0,0.0,5.906779661016949,5.27906976744186,0.6277098935750889,18.299999999999983,17.19999999999999,1.0999999999999943
SingleStageRF,mnar_wet,42,17750,48.0,45.0,3.0,5.582677165354331,5.376923076923077,0.2057540884312532,18.0,18.549999999999997,0.5499999999999972
DirectTwoStageRF,mnar_wet,42,17155,45.0,45.0,0.0,5.758064516129032,5.73015873015873,0.0279057859703018,18.0,18.0,0.0
DirectTwoStageRF,mnar_wet,42,17704,44.0,44.0,0.0,5.392307692307693,5.404580152671755,0.01227246036406271,18.0,18.0,0.0
DirectTwoStageRF,mnar_wet,42,17748,44.0,44.0,0.0,5.906779661016949,5.7073170731707314,0.1994625878462175,18.299999999999983,17.799999999999983,0.5
DirectTwoStageRF,mnar_wet,42,17750,48.0,48.0,0.0,5.582677165354331,5.830645161290323,0.2479679959359924,18.0,18.849999999999994,0.8499999999999943
SAITS,mnar_wet,42,17155,45.0,45.0,0.0,5.758064516129032,5.634920634920635,0.1231438812083967,18.0,18.0,0.0
SAITS,mnar_wet,42,17704,44.0,44.0,0.0,5.392307692307693,5.320610687022901,0.07169700528479162,18.0,18.0,0.0
SAITS,mnar_wet,42,17748,44.0,44.0,0.0,5.906779661016949,4.955882352941177,0.9508973080757723,18.299999999999983,16.5,1.799999999999983
SAITS,mnar_wet,42,17750,48.0,45.0,3.0,5.582677165354331,5.2330827067669174,0.3495944585874131,18.0,16.39999999999999,1.6000000000000085
SingleStageRF,mnar_wet,123,17155,45.0,45.0,0.0,5.758064516129032,5.32824427480916,0.42982024131987195,18.0,18.0,0.0
SingleStageRF,mnar_wet,123,17704,44.0,34.0,10.0,5.392307692307693,5.149253731343284,0.24305396096440912,18.0,18.0,0.0
SingleStageRF,mnar_wet,123,17748,44.0,44.0,0.0,5.906779661016949,5.230769230769231,0.6760104302477181,18.299999999999983,17.099999999999994,1.1999999999999886
SingleStageRF,mnar_wet,123,17750,48.0,45.0,3.0,5.582677165354331,5.426356589147287,0.15632057620704387,18.0,18.599999999999994,0.5999999999999943
DirectTwoStageRF,mnar_wet,123,17155,45.0,45.0,0.0,5.758064516129032,5.722222222222222,0.03584229390680971,18.0,18.0,0.0
DirectTwoStageRF,mnar_wet,123,17704,44.0,44.0,0.0,5.392307692307693,5.404580152671755,0.01227246036406271,18.0,18.0,0.0
DirectTwoStageRF,mnar_wet,123,17748,44.0,44.0,0.0,5.906779661016949,5.699186991869919,0.20759266914703023,18.299999999999983,17.799999999999983,0.5
DirectTwoStageRF,mnar_wet,123,17750,48.0,48.0,0.0,5.582677165354331,5.768,0.18532283464566923,18.0,18.799999999999997,0.7999999999999972
SAITS,mnar_wet,123,17155,45.0,45.0,0.0,5.758064516129032,5.68,0.07806451612903231,18.0,18.0,0.0
SAITS,mnar_wet,123,17704,44.0,44.0,0.0,5.392307692307693,5.449612403100775,0.057304710793082414,18.0,18.0,0.0
SAITS,mnar_wet,123,17748,44.0,44.0,0.0,5.906779661016949,5.3984375,0.508342161016949,18.299999999999983,17.299999999999983,1.0
SAITS,mnar_wet,123,17750,48.0,48.0,0.0,5.582677165354331,5.860655737704918,0.2779785723505874,18.0,18.94999999999999,0.9499999999999886
SingleStageRF,mnar_wet,456,17155,45.0,45.0,0.0,5.758064516129032,5.426356589147287,0.33170792698174534,18.0,18.0,0.0
SingleStageRF,mnar_wet,456,17704,44.0,34.0,10.0,5.392307692307693,5.141791044776119,0.25051664753157343,18.0,18.349999999999994,0.3499999999999943
SingleStageRF,mnar_wet,456,17748,44.0,44.0,0.0,5.906779661016949,5.27906976744186,0.6277098935750889,18.299999999999983,17.19999999999999,1.0999999999999943
SingleStageRF,mnar_wet,456,17750,48.0,45.0,3.0,5.582677165354331,5.392307692307693,0.19036947304663787,18.0,18.549999999999997,0.5499999999999972
DirectTwoStageRF,mnar_wet,456,17155,45.0,45.0,0.0,5.758064516129032,5.738095238095238,0.01996927803379389,18.0,18.0,0.0
DirectTwoStageRF,mnar_wet,456,17704,44.0,44.0,0.0,5.392307692307693,5.412213740458015,0.019906048150322597,18.0,18.0,0.0
DirectTwoStageRF,mnar_wet,456,17748,44.0,44.0,0.0,5.906779661016949,5.699186991869919,0.20759266914703023,18.299999999999983,17.799999999999983,0.5
DirectTwoStageRF,mnar_wet,456,17750,48.0,48.0,0.0,5.582677165354331,5.784,0.20132283464566925,18.0,18.799999999999997,0.7999999999999972
SAITS,mnar_wet,456,17155,45.0,45.0,0.0,5.758064516129032,5.901639344262295,0.1435748281332634,18.0,18.0,0.0
SAITS,mnar_wet,456,17704,44.0,44.0,0.0,5.392307692307693,5.534883720930233,0.14257602862253993,18.0,18.0,0.0
SAITS,mnar_wet,456,17748,44.0,44.0,0.0,5.906779661016949,5.488188976377953,0.4185906846389962,18.299999999999983,19.399999999999977,1.0999999999999943
SAITS,mnar_wet,456,17750,48.0,48.0,0.0,5.582677165354331,5.975409836065574,0.3927326707112435,18.0,18.94999999999999,0.9499999999999886
Mean,mnar_intensity_moderate,deterministic,17155,45.0,39.0,6.0,5.758064516129032,4.547297297297297,1.2107672188317347,18.0,13.0,5.0
Mean,mnar_intensity_moderate,deterministic,17704,44.0,25.0,19.0,5.392307692307693,4.1528662420382165,1.2394414502694762,18.0,13.0,5.0
Mean,mnar_intensity_moderate,deterministic,17748,44.0,30.0,14.0,5.906779661016949,4.496551724137931,1.4102279368790178,18.299999999999983,11.799999999999983,6.5
Mean,mnar_intensity_moderate,deterministic,17750,48.0,32.0,16.0,5.582677165354331,4.237179487179487,1.3454976781748433,18.0,13.0,5.0
Linear,mnar_intensity_moderate,deterministic,17155,45.0,45.0,0.0,5.758064516129032,6.327433628318584,0.5693691121895519,18.0,25.0,7.0
Linear,mnar_intensity_moderate,deterministic,17704,44.0,57.0,13.0,5.392307692307693,5.80672268907563,0.41441499676793736,18.0,18.099999999999994,0.09999999999999432
Linear,mnar_intensity_moderate,deterministic,17748,44.0,44.0,0.0,5.906779661016949,6.097345132743363,0.1905654717264138,18.299999999999983,18.199999999999974,0.10000000000000853
Linear,mnar_intensity_moderate,deterministic,17750,48.0,48.0,0.0,5.582677165354331,5.9576271186440675,0.3749499532897369,18.0,20.14999999999999,2.1499999999999915
KNN,mnar_intensity_moderate,deterministic,17155,45.0,45.0,0.0,5.758064516129032,5.590551181102362,0.16751333502666998,18.0,18.0,0.0
KNN,mnar_intensity_moderate,deterministic,17704,44.0,38.0,6.0,5.392307692307693,4.6824324324324325,0.7098752598752602,18.0,16.650000000000006,1.3499999999999943
KNN,mnar_intensity_moderate,deterministic,17748,44.0,44.0,0.0,5.906779661016949,5.464,0.44277966101694854,18.299999999999983,16.799999999999997,1.4999999999999858
KNN,mnar_intensity_moderate,deterministic,17750,48.0,38.0,10.0,5.582677165354331,5.079710144927536,0.5029670204267944,18.0,18.0,0.0
MICE,mnar_intensity_moderate,deterministic,17155,45.0,45.0,0.0,5.758064516129032,5.195488721804511,0.5625757943245207,18.0,18.0,0.0
MICE,mnar_intensity_moderate,deterministic,17704,44.0,37.0,7.0,5.392307692307693,4.581081081081081,0.811226611226612,18.0,15.0,3.0
MICE,mnar_intensity_moderate,deterministic,17748,44.0,44.0,0.0,5.906779661016949,4.948148148148148,0.9586315128688012,18.299999999999983,15.599999999999994,2.6999999999999886
MICE,mnar_intensity_moderate,deterministic,17750,48.0,38.0,10.0,5.582677165354331,5.007299270072993,0.5753778952813375,18.0,18.0,0.0
SingleStageRF,mnar_intensity_moderate,42,17155,45.0,45.0,0.0,5.758064516129032,5.426356589147287,0.33170792698174534,18.0,18.0,0.0
SingleStageRF,mnar_intensity_moderate,42,17704,44.0,44.0,0.0,5.392307692307693,4.7622377622377625,0.6300699300699302,18.0,15.0,3.0
SingleStageRF,mnar_intensity_moderate,42,17748,44.0,44.0,0.0,5.906779661016949,5.349206349206349,0.5575733118106001,18.299999999999983,16.75,1.549999999999983
SingleStageRF,mnar_intensity_moderate,42,17750,48.0,38.0,10.0,5.582677165354331,4.978260869565218,0.6044162957891128,18.0,18.0,0.0
DirectTwoStageRF,mnar_intensity_moderate,42,17155,45.0,45.0,0.0,5.758064516129032,5.837398373983739,0.07933385785470737,18.0,19.89999999999999,1.8999999999999915
DirectTwoStageRF,mnar_intensity_moderate,42,17704,44.0,44.0,0.0,5.392307692307693,5.1911764705882355,0.2011312217194572,18.0,17.25,0.75
DirectTwoStageRF,mnar_intensity_moderate,42,17748,44.0,44.0,0.0,5.906779661016949,5.791666666666667,0.115112994350282,18.299999999999983,18.099999999999994,0.19999999999998863
DirectTwoStageRF,mnar_intensity_moderate,42,17750,48.0,45.0,3.0,5.582677165354331,5.511627906976744,0.07104925837758636,18.0,18.0,0.0
SAITS,mnar_intensity_moderate,42,17155,45.0,45.0,0.0,5.758064516129032,5.89344262295082,0.13537810682178808,18.0,19.94999999999999,1.9499999999999886
SAITS,mnar_intensity_moderate,42,17704,44.0,44.0,0.0,5.392307692307693,5.0583941605839415,0.33391353172375116,18.0,18.0,0.0
SAITS,mnar_intensity_moderate,42,17748,44.0,44.0,0.0,5.906779661016949,5.053030303030303,0.8537493579866462,18.299999999999983,16.44999999999999,1.8499999999999943
SAITS,mnar_intensity_moderate,42,17750,48.0,42.0,6.0,5.582677165354331,5.066666666666666,0.5160104986876641,18.0,18.0,0.0
SingleStageRF,mnar_intensity_moderate,123,17155,45.0,45.0,0.0,5.758064516129032,5.4609375,0.29712701612903203,18.0,18.0,0.0
SingleStageRF,mnar_intensity_moderate,123,17704,44.0,33.0,11.0,5.392307692307693,4.636986301369863,0.75532139093783,18.0,15.75,2.25
SingleStageRF,mnar_intensity_moderate,123,17748,44.0,44.0,0.0,5.906779661016949,5.349206349206349,0.5575733118106001,18.299999999999983,16.75,1.549999999999983
SingleStageRF,mnar_intensity_moderate,123,17750,48.0,38.0,10.0,5.582677165354331,4.9352517985611515,0.6474253667931791,18.0,18.0,0.0
DirectTwoStageRF,mnar_intensity_moderate,123,17155,45.0,45.0,0.0,5.758064516129032,5.758064516129032,0.0,18.0,18.849999999999994,0.8499999999999943
DirectTwoStageRF,mnar_intensity_moderate,123,17704,44.0,44.0,0.0,5.392307692307693,5.1911764705882355,0.2011312217194572,18.0,17.25,0.75
DirectTwoStageRF,mnar_intensity_moderate,123,17748,44.0,44.0,0.0,5.906779661016949,5.791666666666667,0.115112994350282,18.299999999999983,18.099999999999994,0.19999999999998863
DirectTwoStageRF,mnar_intensity_moderate,123,17750,48.0,45.0,3.0,5.582677165354331,5.461538461538462,0.12113870381586889,18.0,18.0,0.0
SAITS,mnar_intensity_moderate,123,17155,45.0,45.0,0.0,5.758064516129032,5.696,0.0620645161290323,18.0,20.599999999999994,2.5999999999999943
SAITS,mnar_intensity_moderate,123,17704,44.0,44.0,0.0,5.392307692307693,5.2,0.1923076923076925,18.0,18.0,0.0
SAITS,mnar_intensity_moderate,123,17748,44.0,44.0,0.0,5.906779661016949,5.5528455284552845,0.3539341325616645,18.299999999999983,16.89999999999999,1.3999999999999915
SAITS,mnar_intensity_moderate,123,17750,48.0,48.0,0.0,5.582677165354331,5.461538461538462,0.12113870381586889,18.0,18.0,0.0
SingleStageRF,mnar_intensity_moderate,456,17155,45.0,45.0,0.0,5.758064516129032,5.33587786259542,0.42218665353361207,18.0,18.0,0.0
SingleStageRF,mnar_intensity_moderate,456,17704,44.0,44.0,0.0,5.392307692307693,4.722222222222222,0.6700854700854704,18.0,15.849999999999994,2.1500000000000057
SingleStageRF,mnar_intensity_moderate,456,17748,44.0,44.0,0.0,5.906779661016949,5.25,0.656779661016949,18.299999999999983,16.64999999999999,1.6499999999999915
SingleStageRF,mnar_intensity_moderate,456,17750,48.0,38.0,10.0,5.582677165354331,5.029197080291971,0.5534800850623594,18.0,18.0,0.0
DirectTwoStageRF,mnar_intensity_moderate,456,17155,45.0,45.0,0.0,5.758064516129032,5.782258064516129,0.024193548387096975,18.0,18.849999999999994,0.8499999999999943
DirectTwoStageRF,mnar_intensity_moderate,456,17704,44.0,44.0,0.0,5.392307692307693,5.2444444444444445,0.14786324786324823,18.0,17.299999999999997,0.7000000000000028
DirectTwoStageRF,mnar_intensity_moderate,456,17748,44.0,44.0,0.0,5.906779661016949,5.848739495798319,0.05804016521862998,18.299999999999983,18.19999999999999,0.09999999999999432
DirectTwoStageRF,mnar_intensity_moderate,456,17750,48.0,45.0,3.0,5.582677165354331,5.461538461538462,0.12113870381586889,18.0,18.0,0.0
SAITS,mnar_intensity_moderate,456,17155,45.0,45.0,0.0,5.758064516129032,5.934426229508197,0.17636171337916462,18.0,20.899999999999977,2.8999999999999773
SAITS,mnar_intensity_moderate,456,17704,44.0,44.0,0.0,5.392307692307693,5.218978102189781,0.1733295901179117,18.0,18.0,0.0
SAITS,mnar_intensity_moderate,456,17748,44.0,44.0,0.0,5.906779661016949,5.677685950413223,0.22909371060372585,18.299999999999983,17.0,1.299999999999983
SAITS,mnar_intensity_moderate,456,17750,48.0,48.0,0.0,5.582677165354331,5.612403100775194,0.029725935420863436,18.0,18.0,0.0
Mean,mnar_intensity_severe,deterministic,17155,45.0,31.0,14.0,5.758064516129032,4.95,0.8080645161290319,18.0,16.099999999999966,1.900000000000034
Mean,mnar_intensity_severe,deterministic,17704,44.0,44.0,0.0,5.392307692307693,4.802816901408451,0.5894907908992417,18.0,16.94999999999999,1.0500000000000114
Mean,mnar_intensity_severe,deterministic,17748,44.0,25.0,19.0,5.906779661016949,5.052631578947368,0.8541480820695808,18.299999999999983,16.0,2.299999999999983
Mean,mnar_intensity_severe,deterministic,17750,48.0,45.0,3.0,5.582677165354331,5.036496350364963,0.5461808149893672,18.0,18.0,0.0
Linear,mnar_intensity_severe,deterministic,17155,45.0,45.0,0.0,5.758064516129032,6.89622641509434,1.1381618989653077,18.0,22.5,4.5
Linear,mnar_intensity_severe,deterministic,17704,44.0,44.0,0.0,5.392307692307693,6.008474576271187,0.6161668839634942,18.0,18.14999999999999,0.14999999999999147
Linear,mnar_intensity_severe,deterministic,17748,44.0,45.0,1.0,5.906779661016949,6.205357142857143,0.2985774818401943,18.299999999999983,18.349999999999966,0.04999999999998295
Linear,mnar_intensity_severe,deterministic,17750,48.0,48.0,0.0,5.582677165354331,6.172413793103448,0.5897366277491178,18.0,20.25,2.25
KNN,mnar_intensity_severe,deterministic,17155,45.0,31.0,14.0,5.758064516129032,5.736,0.022064516129032263,18.0,18.799999999999997,0.7999999999999972
KNN,mnar_intensity_severe,deterministic,17704,44.0,44.0,0.0,5.392307692307693,5.246268656716418,0.14603903559127485,18.0,18.0,0.0
KNN,mnar_intensity_severe,deterministic,17748,44.0,45.0,1.0,5.906779661016949,5.536,0.37077966101694937,18.299999999999983,16.0,2.299999999999983
KNN,mnar_intensity_severe,deterministic,17750,48.0,48.0,0.0,5.582677165354331,5.606299212598425,0.023622047244094446,18.0,18.0,0.0
MICE,mnar_intensity_severe,deterministic,17155,45.0,31.0,14.0,5.758064516129032,5.231343283582089,0.5267212325469428,18.0,18.0,0.0
MICE,mnar_intensity_severe,deterministic,17704,44.0,44.0,0.0,5.392307692307693,5.0,0.3923076923076927,18.0,17.150000000000006,0.8499999999999943
MICE,mnar_intensity_severe,deterministic,17748,44.0,45.0,1.0,5.906779661016949,5.560975609756097,0.3458040512608518,18.299999999999983,16.0,2.299999999999983
MICE,mnar_intensity_severe,deterministic,17750,48.0,45.0,3.0,5.582677165354331,5.392307692307693,0.19036947304663787,18.0,19.099999999999994,1.0999999999999943
SingleStageRF,mnar_intensity_severe,42,17155,45.0,31.0,14.0,5.758064516129032,5.503875968992248,0.25418854713678396,18.0,18.599999999999994,0.5999999999999943
SingleStageRF,mnar_intensity_severe,42,17704,44.0,44.0,0.0,5.392307692307693,5.295454545454546,0.09685314685314683,18.0,18.0,0.0
SingleStageRF,mnar_intensity_severe,42,17748,44.0,44.0,0.0,5.906779661016949,5.614754098360656,0.29202556265629287,18.299999999999983,16.94999999999999,1.3499999999999943
SingleStageRF,mnar_intensity_severe,42,17750,48.0,48.0,0.0,5.582677165354331,5.465116279069767,0.11756088628456318,18.0,18.0,0.0
DirectTwoStageRF,mnar_intensity_severe,42,17155,45.0,45.0,0.0,5.758064516129032,5.753968253968254,0.004096262160778075,18.0,20.75,2.75
DirectTwoStageRF,mnar_intensity_severe,42,17704,44.0,44.0,0.0,5.392307692307693,5.390977443609023,0.0013302486986699336,18.0,18.0,0.0
DirectTwoStageRF,mnar_intensity_severe,42,17748,44.0,45.0,1.0,5.906779661016949,5.957264957264957,0.05048529624800846,18.299999999999983,18.399999999999977,0.09999999999999432
DirectTwoStageRF,mnar_intensity_severe,42,17750,48.0,48.0,0.0,5.582677165354331,5.6171875,0.03451033464566944,18.0,18.0,0.0
SAITS,mnar_intensity_severe,42,17155,45.0,45.0,0.0,5.758064516129032,6.008333333333334,0.2502688172043017,18.0,20.049999999999997,2.049999999999997
SAITS,mnar_intensity_severe,42,17704,44.0,44.0,0.0,5.392307692307693,5.293233082706767,0.09907460960092607,18.0,18.0,0.0
SAITS,mnar_intensity_severe,42,17748,44.0,45.0,1.0,5.906779661016949,5.661157024793388,0.24562263622356095,18.299999999999983,17.0,1.299999999999983
SAITS,mnar_intensity_severe,42,17750,48.0,45.0,3.0,5.582677165354331,5.747967479674797,0.16529031432046626,18.0,19.799999999999983,1.799999999999983
SingleStageRF,mnar_intensity_severe,123,17155,45.0,31.0,14.0,5.758064516129032,5.5390625,0.21900201612903203,18.0,18.64999999999999,0.6499999999999915
SingleStageRF,mnar_intensity_severe,123,17704,44.0,44.0,0.0,5.392307692307693,5.208955223880597,0.18335246842709552,18.0,18.0,0.0
SingleStageRF,mnar_intensity_severe,123,17748,44.0,44.0,0.0,5.906779661016949,5.614754098360656,0.29202556265629287,18.299999999999983,16.94999999999999,1.3499999999999943
SingleStageRF,mnar_intensity_severe,123,17750,48.0,48.0,0.0,5.582677165354331,5.465116279069767,0.11756088628456318,18.0,18.0,0.0
DirectTwoStageRF,mnar_intensity_severe,123,17155,45.0,45.0,0.0,5.758064516129032,5.68503937007874,0.0730251460502922,18.0,19.399999999999977,1.3999999999999773
DirectTwoStageRF,mnar_intensity_severe,123,17704,44.0,44.0,0.0,5.392307692307693,5.401515151515151,0.00920745920745869,18.0,18.0,0.0
DirectTwoStageRF,mnar_intensity_severe,123,17748,44.0,45.0,1.0,5.906779661016949,5.948717948717949,0.04193828770099994,18.299999999999983,18.399999999999977,0.09999999999999432
DirectTwoStageRF,mnar_intensity_severe,123,17750,48.0,48.0,0.0,5.582677165354331,5.653543307086614,0.07086614173228334,18.0,18.0,0.0
SAITS,mnar_intensity_severe,123,17155,45.0,45.0,0.0,5.758064516129032,6.042016806722689,0.2839522905936569,18.0,21.19999999999999,3.1999999999999886
SAITS,mnar_intensity_severe,123,17704,44.0,44.0,0.0,5.392307692307693,5.469230769230769,0.07692307692307665,18.0,18.0,0.0
SAITS,mnar_intensity_severe,123,17748,44.0,45.0,1.0,5.906779661016949,5.639344262295082,0.26743539872186695,18.299999999999983,16.0,2.299999999999983
SAITS,mnar_intensity_severe,123,17750,48.0,48.0,0.0,5.582677165354331,5.8,0.21732283464566926,18.0,18.799999999999997,0.7999999999999972
SingleStageRF,mnar_intensity_severe,456,17155,45.0,31.0,14.0,5.758064516129032,5.453846153846154,0.304218362282878,18.0,18.549999999999997,0.5499999999999972
SingleStageRF,mnar_intensity_severe,456,17704,44.0,44.0,0.0,5.392307692307693,5.2556390977443606,0.13666859456333214,18.0,18.0,0.0
SingleStageRF,mnar_intensity_severe,456,17748,44.0,44.0,0.0,5.906779661016949,5.614754098360656,0.29202556265629287,18.299999999999983,16.94999999999999,1.3499999999999943
SingleStageRF,mnar_intensity_severe,456,17750,48.0,48.0,0.0,5.582677165354331,5.465116279069767,0.11756088628456318,18.0,18.0,0.0
DirectTwoStageRF,mnar_intensity_severe,456,17155,45.0,45.0,0.0,5.758064516129032,5.65625,0.10181451612903203,18.0,19.299999999999983,1.299999999999983
DirectTwoStageRF,mnar_intensity_severe,456,17704,44.0,44.0,0.0,5.392307692307693,5.416666666666667,0.024358974358974272,18.0,18.0,0.0
DirectTwoStageRF,mnar_intensity_severe,456,17748,44.0,45.0,1.0,5.906779661016949,5.915254237288136,0.008474576271186862,18.299999999999983,18.299999999999983,0.0
DirectTwoStageRF,mnar_intensity_severe,456,17750,48.0,48.0,0.0,5.582677165354331,5.625,0.04232283464566944,18.0,18.0,0.0
SAITS,mnar_intensity_severe,456,17155,45.0,45.0,0.0,5.758064516129032,6.016528925619835,0.25846440949080307,18.0,22.0,4.0
SAITS,mnar_intensity_severe,456,17704,44.0,44.0,0.0,5.392307692307693,5.377777777777778,0.014529914529914478,18.0,18.0,0.0
SAITS,mnar_intensity_severe,456,17748,44.0,45.0,1.0,5.906779661016949,5.915254237288136,0.008474576271186862,18.299999999999983,18.299999999999983,0.0
SAITS,mnar_intensity_severe,456,17750,48.0,49.0,1.0,5.582677165354331,5.856,0.2733228346456693,18.0,19.599999999999994,1.5999999999999943
